,SN,0,1
0,SDSS-II SN 10450,19.723478,-15.681773
1,SDSS-II SN 12929,10.583606,-38.483265
2,SDSS-II SN 12942,36.701023,4.274276
3,SDSS-II SN 13423,-56.400143,-3.7956107
4,SDSS-II SN 13786,-4.01413,-24.039251
5,SDSS-II SN 13957,-15.152827,-29.241674
6,SDSS-II SN 14332,35.1856,13.382032
7,SDSS-II SN 14355,-26.753021,-31.757048
8,SDSS-II SN 14478,5.1921816,-8.818296
9,SDSS-II SN 14883,23.868975,-46.99769
10,SDSS-II SN 14965,21.174614,0.87569493
11,SDSS-II SN 14988,46.042637,5.058724
12,SDSS-II SN 1504,11.347443,-28.158052
13,SDSS-II SN 15103,45.201096,8.302622
14,SDSS-II SN 15255,45.24665,31.902983
15,SDSS-II SN 15385,44.806644,27.368557
16,SDSS-II SN 15958,9.485152,-1.1672323
17,SDSS-II SN 16052,14.444365,-35.34319
18,SDSS-II SN 16225,16.741156,-25.907131
19,SDSS-II SN 16586,45.069992,26.013687
20,SDSS-II SN 17097,46.993855,32.794
21,SDSS-II SN 17371,14.255556,-26.099674
22,SDSS-II SN 17374,27.811554,6.2370095
23,SDSS-II SN 17597,4.3617125,-23.13113
24,SDSS-II SN 17776,41.705498,28.422106
25,SDSS-II SN 17916,-13.0773945,-23.540897
26,SDSS-II SN 17965,30.645355,26.278788
27,SDSS-II SN 18191,48.73747,9.167165
28,SDSS-II SN 18666,37.033424,23.216711
29,SDSS-II SN 19011,31.11754,-12.190662
30,SDSS-II SN 19024,24.460741,-9.37154
31,SDSS-II SN 19118,16.59169,-40.951706
32,SDSS-II SN 19350,18.520294,-10.354142
33,SDSS-II SN 19499,28.486317,-11.895279
34,SDSS-II SN 19537,17.35018,-48.974426
35,SDSS-II SN 20301,46.676506,12.199913
36,SDSS-II SN 20553,47.686916,13.885494
37,SDSS-II SN 20694,-16.788565,-34.972897
38,SDSS-II SN 2081,16.319723,-21.275898
39,SDSS-II SN 21600,17.781284,-44.74916
40,SDSS-II SN 2313,16.561296,-50.821224
41,SDSS-II SN 3370,28.752747,-37.308334
42,SDSS-II SN 3535,35.247494,6.0671015
43,SDSS-II SN 3674,47.145824,20.144762
44,SDSS-II SN 4231,24.78893,3.422841
45,SDSS-II SN 4333,19.465143,-47.16278
46,SDSS-II SN 5723,-10.741508,-28.916988
47,SDSS-II SN 8018,25.653818,-9.165316
48,SDSS-II SN 9155,39.741802,28.337248
49,SN2005fq,46.02581,32.38245
50,SN2005hw,43.77272,16.809889
51,SN2005lk,23.055172,27.53567
52,SN2006lm,41.47777,2.0719237
53,SN2006oy,28.114758,3.62148
54,SN2006ta,25.18937,4.3846755
55,SN2007jc,28.34993,24.534706
56,SN2007jx,12.040258,-7.569543
57,SN2007qz,21.11362,-10.531054
58,SDSS-II SN 10106,29.001543,6.7646246
59,SDSS-II SN 11094,16.146233,-38.636295
60,SDSS-II SN 11850,17.690336,-51.498985
61,SDSS-II SN 13955,18.621344,1.1723047
62,SDSS-II SN 14053,14.686217,-50.706913
63,SDSS-II SN 14102,-23.636965,-23.25338
64,SDSS-II SN 14228,7.773168,-11.645401
65,SDSS-II SN 14285,22.190748,-48.696045
66,SDSS-II SN 14322,6.2648673,-39.139072
67,SDSS-II SN 1456,47.32864,6.0623674
68,SDSS-II SN 14851,28.275274,-45.132942
69,SDSS-II SN 1513,10.210343,-3.2333484
70,SDSS-II SN 15428,9.02311,-38.969185
71,SDSS-II SN 15470,12.829297,-32.817055
72,SDSS-II SN 1562,18.581894,-50.337223
73,SDSS-II SN 15988,7.5386057,-19.074202
74,SDSS-II SN 15992,8.091334,-38.778744
75,SDSS-II SN 16094,16.206598,-49.73709
76,SDSS-II SN 1706,6.8345304,-9.691854
77,SDSS-II SN 17455,45.08171,21.552176
78,SDSS-II SN 17644,32.040947,-28.519224
79,SDSS-II SN 17845,8.71678,-4.0508857
80,SDSS-II SN 18032,6.591915,-15.927351
81,SDSS-II SN 18048,52.626488,11.474142
82,SDSS-II SN 18165,8.684496,-37.987392
83,SDSS-II SN 18311,47.97049,7.863987
84,SDSS-II SN 18339,40.155643,0.6126676
85,SDSS-II SN 18365,-48.68028,-8.058979
86,SDSS-II SN 18601,16.167427,-51.48576
87,SDSS-II SN 18688,13.82937,-40.934513
88,SDSS-II SN 19045,12.6894045,-4.6925187
89,SDSS-II SN 19175,-11.477017,-22.14745
90,SDSS-II SN 19181,-13.804776,-30.52923
91,SDSS-II SN 19336,51.55044,9.484248
92,SDSS-II SN 19731,-12.499791,-27.642975
93,SDSS-II SN 20128,4.317877,-20.214167
94,SDSS-II SN 20695,-12.897639,-32.784103
95,SDSS-II SN 21065,10.33224,-32.35777
96,SDSS-II SN 21307,-12.553009,-23.141151
97,SDSS-II SN 21663,19.395681,-49.486633
98,SDSS-II SN 3832,24.933825,16.463179
99,SDSS-II SN 4118,47.884163,5.616888
100,SDSS-II SN 5323,2.5400958,-16.551908
101,SDSS-II SN 5595,19.471457,2.4274507
102,SDSS-II SN 5897,-14.398546,-31.899412
103,SDSS-II SN 6225,8.115313,-34.26081
104,SDSS-II SN 6288,14.864739,-21.547884
105,SDSS-II SN 6638,20.842209,-37.455387
106,SDSS-II SN 7374,5.6420274,-20.866192
107,SDSS-II SN 7978,11.548839,-5.564079
108,SDSS-II SN 8165,2.865851,-26.820402
109,SDSS-II SN 8457,18.121124,-48.28054
110,SN2005eg,34.038307,6.722853
111,SN2005fe,22.471731,-4.7930493
112,SN2005ft,26.528032,2.4384465
113,SN2005fv,26.206715,4.203064
114,SN2005fx,20.769888,-0.17583367
115,SN2005gc,24.656485,22.173084
116,SN2005gs,33.71153,11.257357
117,SN2005gt,43.733574,27.384396
118,SN2005gu,41.24462,3.6391122
119,SN2005hc,37.358727,-14.682793
120,SN2005ho,24.479523,7.0223656
121,SN2005hx,33.35392,-12.587898
122,SN2005id,31.26209,-13.112434
123,SN2005ik,24.114521,-2.681526
124,SN2005jb,28.463629,-39.36516
125,SN2005jf,41.91468,19.17073
126,SN2005jl,23.116568,25.095406
127,SN2005jy,30.757978,20.112791
128,SN2005jz,36.249664,9.080072
129,SN2005kn,32.34713,7.5291996
130,SN2005li,33.053112,-10.469503
131,SN2006fg,21.824915,28.327883
132,SN2006fx,20.470343,-21.445662
133,SN2006nu,24.03848,-4.052433
134,SN2006ok,25.7256,28.403946
135,SN2006oo,10.034026,-2.0297987
136,SN2007ih,26.555756,26.734798
137,SN2007mr,39.14235,18.258717
138,SN2007mt,19.181967,-48.65599
139,SN2007nk,25.701124,0.78387517
140,SN2007nl,48.517857,19.701698
141,SN2007pa,30.654373,-4.6354313
142,SN2007qn,4.761516,-21.31962
143,SDSS-II SN 13383,32.8159,-33.3076
144,SDSS-II SN 14268,28.715254,-16.074766
145,SDSS-II SN 14792,10.173698,-8.751703
146,SDSS-II SN 15697,16.102812,-43.704166
147,SDSS-II SN 16467,28.937727,26.399012
148,SDSS-II SN 16468,22.713707,-43.011868
149,SDSS-II SN 17814,42.501133,31.327215
150,SDSS-II SN 17967,7.012564,-25.235535
151,SDSS-II SN 19032,20.238482,-43.88996
152,SDSS-II SN 19347,23.362152,15.076485
153,SDSS-II SN 20278,4.4140882,-39.43705
154,SDSS-II SN 7882,10.806294,15.348846
155,SN2005hp,30.150702,-20.558983
156,SN2006fk,23.935434,13.346624
157,SN2006gw,12.820444,-16.583717
158,SN2006la,30.911928,13.200605
159,SN2006pk,8.568452,13.437089
160,SN2007ik,23.546967,-21.580053
161,SN2007iz,6.352068,14.054441
162,SN2007jn,30.670261,-18.844877
163,SDSS-II SN 10991,9.15832,-31.001896
164,SDSS-II SN 13633,10.52068,-30.273342
165,SDSS-II SN 14413,-10.43976,-31.657444
166,SDSS-II SN 14475,21.840748,13.550461
167,SDSS-II SN 14531,10.525476,-42.653793
168,SDSS-II SN 15184,-12.409425,-31.162924
169,SDSS-II SN 17851,22.219133,-45.239006
170,SDSS-II SN 20045,20.820433,-46.141396
171,SDSS-II SN 6333,45.91858,-0.14159796
172,SDSS-II SN 6696,27.309961,-25.134827
173,SN2005ey,28.225603,-7.5951004
174,SN2005ff,26.850039,-15.448287
175,SN2005fi,30.473583,-19.84245
176,SN2005fu,18.636185,-4.188257
177,SN2005fz,30.910284,4.36839
178,SN2005ge,29.465359,-22.358963
179,SN2005hu,33.466133,30.342798
180,SN2005ia,12.193315,15.499176
181,SN2005ic,29.621075,-23.69455
182,SN2005ie,23.959503,11.1310005
183,SN2005ih,39.271706,10.730998
184,SN2005jh,28.667,-8.151686
185,SN2005jk,6.4513726,15.954542
186,SN2005jo,8.097552,13.938574
187,SN2005jt,24.88951,-41.03563
188,SN2005mh,22.516977,13.567253
189,SN2006fo,21.553493,6.0669336
190,SN2006gm,33.066174,14.460751
191,SN2006hc,9.903631,13.62553
192,SN2006jo,27.96472,-24.024878
193,SN2006jx,8.380168,11.770936
194,SN2006no,9.691832,10.482469
195,SN2007ky,19.56534,13.869222
196,SN2007ny,16.452175,-32.78751
197,SDSS-II SN 10997,20.885162,-11.485799
198,SDSS-II SN 11120,29.907074,-7.8957634
199,SDSS-II SN 11532,24.714865,-5.868521
200,SDSS-II SN 12213,11.291527,-38.772125
201,SDSS-II SN 1257,12.848845,-32.157993
202,SDSS-II SN 12879,21.409554,-30.490986
203,SDSS-II SN 12936,35.793823,18.627748
204,SDSS-II SN 12939,28.864887,11.026034
205,SDSS-II SN 12964,32.076633,-32.946125
206,SDSS-II SN 13051,25.965351,14.99418
207,SDSS-II SN 13062,23.289328,-32.377888
208,SDSS-II SN 13076,48.296635,15.078756
209,SDSS-II SN 13096,43.78926,20.803194
210,SDSS-II SN 13168,-14.611639,-30.482887
211,SDSS-II SN 13283,43.331367,6.4491253
212,SDSS-II SN 13291,46.381676,24.435667
213,SDSS-II SN 13330,23.867239,-36.4724
214,SDSS-II SN 13344,33.485046,23.902796
215,SDSS-II SN 13395,41.1138,30.09515
216,SDSS-II SN 13404,-11.442001,-29.887962
217,SDSS-II SN 1342,12.391238,-48.491604
218,SDSS-II SN 13440,27.384998,-33.616844
219,SDSS-II SN 13441,20.032549,-20.98204
220,SDSS-II SN 13460,42.524487,21.875523
221,SDSS-II SN 13472,9.548421,-40.95711
222,SDSS-II SN 13487,28.367416,-37.767937
223,SDSS-II SN 13492,46.394802,22.94945
224,SDSS-II SN 13529,18.742514,-13.605835
225,SDSS-II SN 13554,13.260467,-24.77188
226,SDSS-II SN 13644,27.203316,-13.560116
227,SDSS-II SN 13646,28.100916,-10.188571
228,SDSS-II SN 13675,46.07197,14.943494
229,SDSS-II SN 13699,7.9046044,-11.512728
230,SDSS-II SN 13725,13.690271,-29.349676
231,SDSS-II SN 13803,49.081184,6.208455
232,SDSS-II SN 13813,6.734117,-26.154308
233,SDSS-II SN 13833,20.31672,-50.098007
234,SDSS-II SN 13843,7.220255,-29.862808
235,SDSS-II SN 13864,19.062025,-19.732897
236,SDSS-II SN 13931,23.822918,-42.95948
237,SDSS-II SN 1395,25.09985,-4.3228035
238,SDSS-II SN 14054,36.62969,-1.3758875
239,SDSS-II SN 14081,12.282841,-28.393902
240,SDSS-II SN 14113,41.212074,27.144732
241,SDSS-II SN 14258,22.501333,-12.520793
242,SDSS-II SN 14260,43.77174,26.4708
243,SDSS-II SN 14311,-49.24213,-11.731038
244,SDSS-II SN 14347,25.076254,13.383253
245,SDSS-II SN 14361,31.86389,-35.53755
246,SDSS-II SN 14375,37.27563,8.221497
247,SDSS-II SN 14400,44.018063,24.979694
248,SDSS-II SN 14429,24.97883,-36.074345
249,SDSS-II SN 14453,14.424841,-45.32472
250,SDSS-II SN 14467,45.820206,18.831789
251,SDSS-II SN 14493,-14.636449,-25.086243
252,SDSS-II SN 14498,46.14937,8.151369
253,SDSS-II SN 14505,42.03295,14.052016
254,SDSS-II SN 14528,26.078325,-36.459614
255,SDSS-II SN 14617,47.09586,19.663723
256,SDSS-II SN 1465,15.915914,-25.712463
257,SDSS-II SN 1470,41.978073,16.899733
258,SDSS-II SN 14821,25.83526,-37.726234
259,SDSS-II SN 14964,9.331673,-2.5740123
260,SDSS-II SN 1500,36.237137,17.283245
261,SDSS-II SN 15046,17.025469,-44.168037
262,SDSS-II SN 15055,25.44343,12.16166
263,SDSS-II SN 15160,45.66674,17.75867
264,SDSS-II SN 15198,28.216476,-21.149746
265,SDSS-II SN 15239,52.727715,9.783928
266,SDSS-II SN 15272,-13.849467,-33.309414
267,SDSS-II SN 15289,47.54877,11.573786
268,SDSS-II SN 15309,25.940203,-43.783157
269,SDSS-II SN 1535,44.74107,28.139246
270,SDSS-II SN 15417,7.906577,-21.045658
271,SDSS-II SN 15539,24.734764,15.011172
272,SDSS-II SN 15587,27.98971,27.29869
273,SDSS-II SN 15751,12.539923,-29.787258
274,SDSS-II SN 15793,21.907066,-34.151634
275,SDSS-II SN 15903,-14.091582,-27.997381
276,SDSS-II SN 15914,1.6069483,-5.881261
277,SDSS-II SN 15944,13.26209,-27.755331
278,SDSS-II SN 16091,32.327564,23.44457
279,SDSS-II SN 1622,35.399082,16.425678
280,SDSS-II SN 16412,2.5635858,-1.3689393
281,SDSS-II SN 16436,-24.155798,-21.907316
282,SDSS-II SN 16455,48.16048,15.996672
283,SDSS-II SN 16582,18.012901,-42.20065
284,SDSS-II SN 16768,44.649975,10.341764
285,SDSS-II SN 16838,31.035131,-5.9694076
286,SDSS-II SN 16977,49.07392,10.139647
287,SDSS-II SN 17219,34.709286,26.79996
288,SDSS-II SN 17303,42.23981,24.062582
289,SDSS-II SN 17330,20.27119,0.2888732
290,SDSS-II SN 17396,42.975906,13.304538
291,SDSS-II SN 17422,14.914442,-15.145286
292,SDSS-II SN 17465,17.202179,-22.675621
293,SDSS-II SN 17466,38.920345,20.805614
294,SDSS-II SN 1750,20.555008,-31.667442
295,SDSS-II SN 17508,32.752087,20.31978
296,SDSS-II SN 17539,32.175323,-27.613352
297,SDSS-II SN 17542,32.26372,-16.096746
298,SDSS-II SN 17620,29.722166,25.404066
299,SDSS-II SN 17662,10.784838,-16.212187
300,SDSS-II SN 17667,41.041294,27.865385
301,SDSS-II SN 17682,9.057093,-26.381126
302,SDSS-II SN 17729,26.048647,-2.400075
303,SDSS-II SN 1773,45.373676,10.192503
304,SDSS-II SN 17748,42.416504,25.008543
305,SDSS-II SN 17789,33.95429,-25.283072
306,SDSS-II SN 17816,5.306978,-38.51997
307,SDSS-II SN 17853,10.38567,-28.785587
308,SDSS-II SN 17894,51.184345,10.795249
309,SDSS-II SN 17906,28.026047,-31.953474
310,SDSS-II SN 17928,34.278217,-33.026665
311,SDSS-II SN 17952,32.151546,19.408546
312,SDSS-II SN 17997,19.429956,-42.994484
313,SDSS-II SN 18058,42.24387,20.35015
314,SDSS-II SN 18067,16.72836,-23.508665
315,SDSS-II SN 18075,-9.385918,-29.163074
316,SDSS-II SN 18077,41.48788,5.4172573
317,SDSS-II SN 18101,10.873423,-6.522396
318,SDSS-II SN 1821,42.764122,17.743803
319,SDSS-II SN 18226,24.034922,-33.393368
320,SDSS-II SN 18243,22.003765,-0.043464337
321,SDSS-II SN 18253,-11.789451,-23.838478
322,SDSS-II SN 18273,46.565475,9.103121
323,SDSS-II SN 18276,36.771286,6.7932463
324,SDSS-II SN 18301,49.604633,12.315088
325,SDSS-II SN 18331,13.508611,-16.263838
326,SDSS-II SN 18376,12.992484,-6.9769015
327,SDSS-II SN 18387,41.49867,15.734057
328,SDSS-II SN 18405,44.625713,17.581148
329,SDSS-II SN 18454,49.55631,10.965438
330,SDSS-II SN 18479,39.972427,9.536827
331,SDSS-II SN 18593,31.999891,-13.905119
332,SDSS-II SN 18598,34.83733,-33.49902
333,SDSS-II SN 18647,34.436703,10.467558
334,SDSS-II SN 1866,34.95414,21.269115
335,SDSS-II SN 18664,45.76029,32.948196
336,SDSS-II SN 18743,40.544857,5.6425657
337,SDSS-II SN 18848,17.656746,-43.014847
338,SDSS-II SN 18898,10.228845,9.682976
339,SDSS-II SN 18917,22.041721,0.87032664
340,SDSS-II SN 18935,44.57441,16.911055
341,SDSS-II SN 18943,-26.109695,-31.606144
342,SDSS-II SN 18971,4.668288,-19.315737
343,SDSS-II SN 18973,10.747252,-31.172615
344,SDSS-II SN 18983,22.45478,-3.9746668
345,SDSS-II SN 19059,48.194954,10.904557
346,SDSS-II SN 19189,43.782475,2.1178253
347,SDSS-II SN 19209,42.709614,4.1211576
348,SDSS-II SN 1921,18.945984,-43.88265
349,SDSS-II SN 19344,45.47335,22.85828
350,SDSS-II SN 19399,31.084126,-22.601896
351,SDSS-II SN 19428,16.244942,-7.7046456
352,SDSS-II SN 19434,31.818228,8.390132
353,SDSS-II SN 19461,22.281233,-2.9700942
354,SDSS-II SN 19467,39.54736,12.4647665
355,SDSS-II SN 19538,26.847515,-9.396732
356,SDSS-II SN 19539,40.51236,29.21547
357,SDSS-II SN 19683,13.88025,-35.798668
358,SDSS-II SN 19721,19.932108,-9.171506
359,SDSS-II SN 19723,31.993328,20.546242
360,SDSS-II SN 19776,11.581823,-35.583485
361,SDSS-II SN 1980,19.346096,-16.609568
362,SDSS-II SN 1982,21.018652,-41.194992
363,SDSS-II SN 1991,42.438976,27.568016
364,SDSS-II SN 19986,11.419086,-29.82356
365,SDSS-II SN 19987,25.78499,-39.554916
366,SDSS-II SN 20216,13.8947,-4.5497
367,SDSS-II SN 20231,-15.624465,-30.833494
368,SDSS-II SN 20251,47.026382,6.9851384
369,SDSS-II SN 20257,-6.013707,-15.404356
370,SDSS-II SN 20369,40.464825,3.85534
371,SDSS-II SN 2041,29.638113,-4.7144995
372,SDSS-II SN 20411,22.379631,-47.317226
373,SDSS-II SN 2042,42.71444,16.00905
374,SDSS-II SN 20467,40.549526,-1.1035343
375,SDSS-II SN 20491,27.75848,26.327526
376,SDSS-II SN 20497,14.983769,-23.118557
377,SDSS-II SN 20590,44.401947,6.8809514
378,SDSS-II SN 20591,26.82106,-40.305832
379,SDSS-II SN 20613,45.654972,12.83878
380,SDSS-II SN 20646,49.352257,8.350547
381,SDSS-II SN 20721,23.260492,-34.28293
382,SDSS-II SN 2078,18.599834,-34.308453
383,SDSS-II SN 20791,25.782133,-44.61842
384,SDSS-II SN 20805,18.310526,-40.61942
385,SDSS-II SN 20820,25.06326,-2.669573
386,SDSS-II SN 20842,22.707613,-47.87564
387,SDSS-II SN 20861,7.187101,-10.294286
388,SDSS-II SN 20870,24.410395,-34.39468
389,SDSS-II SN 20895,21.702074,-42.22948
390,SDSS-II SN 20916,8.651149,-27.703512
391,SDSS-II SN 2093,42.400356,1.5438354
392,SDSS-II SN 20953,14.937676,-47.57263
393,SDSS-II SN 20956,17.181559,-42.07631
394,SDSS-II SN 20969,-0.74292004,-18.955242
395,SDSS-II SN 21081,14.750712,-39.281036
396,SDSS-II SN 21356,23.833212,-39.643444
397,SDSS-II SN 21359,-7.025527,-16.17947
398,SDSS-II SN 21381,26.83227,-38.251476
399,SDSS-II SN 2148,23.21039,-41.34679
400,SDSS-II SN 2149,33.301495,10.736771
401,SDSS-II SN 21553,14.454627,-49.845848
402,SDSS-II SN 21709,28.59306,-17.8773
403,SDSS-II SN 21711,32.979134,-7.3700356
404,SDSS-II SN 2244,35.35547,-17.44642
405,SDSS-II SN 2325,16.592909,-35.44329
406,SDSS-II SN 2464,39.12915,21.727867
407,SDSS-II SN 2615,17.67318,-49.917614
408,SDSS-II SN 2630,34.404415,14.762546
409,SDSS-II SN 2808,39.741657,6.2191324
410,SDSS-II SN 2912,33.42098,20.894188
411,SDSS-II SN 3090,35.61491,-2.144517
412,SDSS-II SN 3196,24.315733,-41.12183
413,SDSS-II SN 3344,12.276751,-26.998882
414,SDSS-II SN 3368,5.936584,-21.687296
415,SDSS-II SN 3417,26.244516,-3.9457104
416,SDSS-II SN 3514,41.973854,0.27790558
417,SDSS-II SN 3529,44.407284,5.921159
418,SDSS-II SN 3533,27.760345,-19.185858
419,SDSS-II SN 3558,17.279411,-26.273943
420,SDSS-II SN 3565,7.1615715,16.069494
421,SDSS-II SN 3983,44.204678,19.406527
422,SDSS-II SN 4019,26.101477,-32.97346
423,SDSS-II SN 4044,-4.8949003,-15.431493
424,SDSS-II SN 4104,5.476037,-9.850071
425,SDSS-II SN 4129,14.063194,-22.714544
426,SDSS-II SN 4181,35.815437,4.4694886
427,SDSS-II SN 4307,26.956257,-32.466324
428,SDSS-II SN 4330,15.411685,-35.829323
429,SDSS-II SN 4375,24.008846,32.587032
430,SDSS-II SN 4534,18.681963,-45.205635
431,SDSS-II SN 4606,8.711708,-29.09493
432,SDSS-II SN 4888,-14.765649,-27.422272
433,SDSS-II SN 4906,22.238249,-31.352476
434,SDSS-II SN 4907,30.430769,-35.332493
435,SDSS-II SN 4966,27.837893,-30.54184
436,SDSS-II SN 4978,44.712845,23.538034
437,SDSS-II SN 5001,-0.2714212,-4.85907
438,SDSS-II SN 5235,29.143818,-35.83734
439,SDSS-II SN 5401,34.471237,12.488236
440,SDSS-II SN 5468,37.355175,9.468813
441,SDSS-II SN 5498,20.030027,-10.5083
442,SDSS-II SN 5590,8.380381,-26.954178
443,SDSS-II SN 5607,9.122069,-3.7197914
444,SDSS-II SN 5810,-2.072564,-20.405455
445,SDSS-II SN 5890,26.248938,-4.8353524
446,SDSS-II SN 5959,2.9334686,-1.2406971
447,SDSS-II SN 5963,30.50399,24.76194
448,SDSS-II SN 6055,31.097,11.39649
449,SDSS-II SN 6289,36.894558,14.766405
450,SDSS-II SN 6327,10.27836,-22.767298
451,SDSS-II SN 6556,39.17584,26.937214
452,SDSS-II SN 6560,36.0408,14.337893
453,SDSS-II SN 6618,11.6691265,-49.765972
454,SDSS-II SN 6714,12.481222,-36.820194
455,SDSS-II SN 6715,7.7078395,-27.600302
456,SDSS-II SN 7024,-0.2545813,-20.918955
457,SDSS-II SN 703,37.659245,22.232841
458,SDSS-II SN 7039,17.044096,-19.500998
459,SDSS-II SN 7121,15.715744,-23.317097
460,SDSS-II SN 7123,36.235786,5.1528134
461,SDSS-II SN 7233,-15.456234,-31.640501
462,SDSS-II SN 7499,16.184391,-48.530724
463,SDSS-II SN 7636,44.10417,31.146975
464,SDSS-II SN 764,2.5591407,-19.28573
465,SDSS-II SN 7647,6.384301,-37.834682
466,SDSS-II SN 7701,46.643394,10.774348
467,SDSS-II SN 7725,43.393116,3.3543391
468,SDSS-II SN 773,35.21692,-32.418182
469,SDSS-II SN 801,42.28198,2.7247624
470,SDSS-II SN 8196,40.197304,12.453731
471,SDSS-II SN 8236,28.917788,5.950434
472,SDSS-II SN 8252,18.814442,-45.964596
473,SDSS-II SN 8721,48.003166,12.143208
474,SDSS-II SN 8744,27.440308,-0.64163923
475,SDSS-II SN 904,28.674234,-32.711052
476,SDSS-II SN 9052,23.186869,29.128653
477,SDSS-II SN 917,15.541689,-7.114363
478,SDSS-II SN 9250,29.036442,-11.530963
479,SDSS-II SN 9326,40.72766,1.6441226
480,SDSS-II SN 9424,17.380367,-46.81685
481,SDSS-II SN 9632,44.240746,4.842344
482,SN2005fj,31.086023,3.7422862
483,SN2005gi,45.4327,33.837822
484,SN2005jq,2.7349966,-5.621342
485,SN2005kq,37.82317,29.604681
486,SN2005lo,29.812983,19.432678
487,SN2005ml,23.746725,-5.818166
488,SN2005mn,33.622894,-20.5705
489,SN2005mp,26.57784,7.546956
490,SN2006ft,41.846745,29.775568
491,SN2006gd,21.839554,-42.92495
492,SN2006ge,30.231785,-33.731255
493,SN2006gk,23.427103,1.901463
494,SN2006gl,30.306368,-32.841614
495,SN2006go,-12.854184,-28.818192
496,SN2006gp,44.03052,18.302824
497,SN2006gu,29.156458,-30.082937
498,SN2006hj,5.967463,-19.783218
499,SN2006hk,34.3584,7.683886
500,SN2006hm,29.04034,11.085762
501,SN2006hw,29.396812,4.247083
502,SN2006jg,13.843902,-46.19403
503,SN2006jz,30.934822,21.675303
504,SN2006kd,3.6348279,-0.047701333
505,SN2006ks,39.59252,28.712742
506,SN2006ll,11.398888,-32.3905
507,SN2006lq,19.137882,-21.176344
508,SN2006mz,45.490414,24.124537
509,SN2006nc,22.74665,26.609188
510,SN2006np,19.14169,-4.915645
511,SN2006nt,10.346561,-26.419222
512,SN2006nw,30.552496,-14.697694
513,SN2006op,26.891047,9.701765
514,SN2006oz,23.31912,-7.1513643
515,SN2006ph,19.674622,-31.19334
516,SN2006pj,20.63777,-9.724703
517,SN2006pm,29.154842,-16.86593
518,SN2006pn,28.635527,-14.849014
519,SN2006po,36.37711,22.909878
520,SN2006pr,24.177784,25.179302
521,SN2006pu,28.885818,-6.2594643
522,SN2006qd,29.45238,5.3669467
523,SN2006qh,29.276579,-15.656154
524,SN2006sw,30.372705,-11.578503
525,SN2006sx,26.756521,1.113951
526,SN2007fr,24.87054,21.702412
527,SN2007gl,27.731617,29.254473
528,SN2007hy,26.019474,9.87975
529,SN2007jb,32.704773,9.200622
530,SN2007jj,32.906174,30.623175
531,SN2007jv,20.667355,-15.0945215
532,SN2007kb,35.601006,-33.327896
533,SN2007kp,17.640036,-18.23667
534,SN2007la,29.099995,-13.607092
535,SN2007lf,37.11187,30.032085
536,SN2007lm,31.49744,-31.816774
537,SN2007ls,16.271742,-19.081604
538,SN2007lu,26.46362,-44.94663
539,SN2007mf,30.849169,11.899606
540,SN2007mg,30.659449,10.573058
541,SN2007mu,27.150785,-34.473316
542,SN2007nx,25.065155,29.087366
543,SN2007oa,25.29382,14.418187
544,SN2007oy,15.326723,-24.285902
545,SN2007pf,31.217075,-8.931292
546,SN2007pg,26.650887,27.813957
547,SN2007pr,41.647667,20.987694
548,SN2007ps,37.174103,-0.93721074
549,SN2007py,22.31405,-41.49859
550,SN2007qa,25.237774,27.716635
551,SN2007qd,35.26463,-2.8517098
552,SN2007qj,24.342222,26.093718
553,SN2007qs,10.086733,13.400085
554,SN2007qu,22.21421,-9.275678
555,SN2007rg,31.409443,7.5970545
556,SN2007rn,27.822515,2.4288912
557,SN2007rq,28.670677,-0.12462441
558,SN2007sl,23.28829,28.614645
559,SN2007tt,44.30862,11.301661
560,SDSS-II SN 10480,52.668053,9.151775
561,SDSS-II SN 13147,43.231712,28.754019
562,SDSS-II SN 13483,18.442898,-52.197346
563,SDSS-II SN 13820,11.996347,-6.290891
564,SDSS-II SN 1385,14.224035,-6.02837
565,SDSS-II SN 13991,3.6928682,-28.10625
566,SDSS-II SN 14121,1.2404174,-25.607723
567,SDSS-II SN 14262,41.722122,6.1629667
568,SDSS-II SN 14415,27.68456,-45.389507
569,SDSS-II SN 14635,8.108374,-3.0411606
570,SDSS-II SN 14833,10.538533,-41.81902
571,SDSS-II SN 15268,8.909836,-39.682236
572,SDSS-II SN 15358,-15.609803,-26.799788
573,SDSS-II SN 15360,8.958587,-34.571087
574,SDSS-II SN 15418,15.422731,-42.026615
575,SDSS-II SN 15814,25.183945,-38.506035
576,SDSS-II SN 16103,33.576115,8.986963
577,SDSS-II SN 17317,35.92751,21.952574
578,SDSS-II SN 17337,6.5722866,-23.546503
579,SDSS-II SN 17585,-12.785987,-30.199162
580,SDSS-II SN 17925,23.507647,-31.62052
581,SDSS-II SN 17958,16.347193,-34.924088
582,SDSS-II SN 18266,6.7397885,-15.293626
583,SDSS-II SN 18360,20.433378,-48.238533
584,SDSS-II SN 18585,3.3897622,-38.332256
585,SDSS-II SN 18589,-1.7773314,-7.871224
586,SDSS-II SN 18718,16.141642,-45.595978
587,SDSS-II SN 18836,48.219147,6.7285624
588,SDSS-II SN 18914,-8.682348,-32.698368
589,SDSS-II SN 18970,33.07779,-17.189594
590,SDSS-II SN 18986,12.263385,-24.924988
591,SDSS-II SN 18993,-15.536068,-27.953888
592,SDSS-II SN 19052,9.735299,-27.513542
593,SDSS-II SN 19212,6.2700925,-26.855085
594,SDSS-II SN 19465,39.0968,8.906612
595,SDSS-II SN 19582,14.26014,-47.998672
596,SDSS-II SN 19751,17.769758,-23.722004
597,SDSS-II SN 19848,27.299765,-25.015085
598,SDSS-II SN 20324,38.560226,5.376619
599,SDSS-II SN 20408,52.80199,12.148135
600,SDSS-II SN 2128,13.342212,-50.00099
601,SDSS-II SN 21874,10.212518,-34.916027
602,SDSS-II SN 2401,25.680887,-34.528374
603,SDSS-II SN 2620,33.16431,-32.049095
604,SDSS-II SN 2621,43.248127,24.582838
605,SDSS-II SN 3294,45.048267,31.150412
606,SDSS-II SN 4062,3.2314365,-16.230646
607,SDSS-II SN 6136,45.282898,11.65485
608,SDSS-II SN 6889,31.059185,-36.65699
609,SDSS-II SN 706,40.538174,24.63216
610,SDSS-II SN 7762,18.812326,-47.90023
611,SDSS-II SN 8092,12.592885,-31.099045
612,SDSS-II SN 9132,5.7284875,-9.262662
613,SN2005fb,23.544043,-21.585625
614,SN2005ga,33.7556,-13.255508
615,SN2005gd,32.70067,-27.88299
616,SN2005gp,28.054024,-22.508644
617,SN2005hs,23.186749,-38.09422
618,SN2005hz,24.490108,26.82234
619,SN2005ij,31.231115,-7.2822804
620,SN2005kp,30.488445,-6.51663
621,SN2006eb,25.86668,25.041601
622,SN2006fn,29.06202,-2.5542848
623,SN2006gv,28.169266,4.761338
624,SN2006ki,28.949133,-31.146715
625,SN2006kw,3.6375859,0.05038763
626,SN2007ia,32.513157,-5.478739
627,SN2007lw,35.769096,7.1601415
628,SN2007nz,12.74444,-46.904133
629,SN2007ol,34.888153,-19.419018
630,SN2007sh,25.600254,-5.4574795
631,SN2008am,34.03334,-19.872923
632,SDSS-II SN 1115,-28.171558,-27.021261
633,SDSS-II SN 12852,-21.239202,-4.260042
634,SDSS-II SN 13058,-43.024117,35.070656
635,SDSS-II SN 13329,-51.56128,6.683217
636,SDSS-II SN 13339,-49.27028,-1.8561019
637,SDSS-II SN 1378,-53.553448,-0.19885282
638,SDSS-II SN 13839,-48.271706,6.257351
639,SDSS-II SN 13971,-34.712177,26.185392
640,SDSS-II SN 14231,-48.954487,-0.23321675
641,SDSS-II SN 14933,-42.722313,36.30546
642,SDSS-II SN 15448,-29.64392,-27.422115
643,SDSS-II SN 15454,-51.510777,-8.40778
644,SDSS-II SN 15942,-56.033356,-0.28390735
645,SDSS-II SN 16739,-50.21797,-2.05448
646,SDSS-II SN 17272,-19.26141,-1.0696199
647,SDSS-II SN 17373,-37.67783,43.242165
648,SDSS-II SN 1782,-47.344593,3.2281022
649,SDSS-II SN 18824,-54.183094,-5.44208
650,SDSS-II SN 18979,-29.24921,-20.217691
651,SDSS-II SN 18990,-18.03822,-33.28396
652,SDSS-II SN 19042,-49.164307,-6.207575
653,SDSS-II SN 19065,-50.31958,17.532444
654,SDSS-II SN 19137,-8.713842,-12.101457
655,SDSS-II SN 1919,-0.6354731,-22.625423
656,SDSS-II SN 19640,-51.066723,7.953859
657,SDSS-II SN 19778,-54.08994,1.2619592
658,SDSS-II SN 20603,-28.38945,-27.562498
659,SDSS-II SN 20874,-51.712204,-4.7178397
660,SDSS-II SN 2118,0.027026433,-13.673466
661,SDSS-II SN 21402,-2.6432996,-18.7607
662,SDSS-II SN 2766,-34.87833,27.520113
663,SDSS-II SN 3050,-30.44817,-27.63142
664,SDSS-II SN 5392,-42.067184,36.92
665,SDSS-II SN 5669,-52.329376,-1.9932257
666,SDSS-II SN 5806,-47.5343,1.2743531
667,SDSS-II SN 8280,-54.491528,-2.998119
668,SDSS-II SN 9562,-16.191483,-19.369673
669,SN2005ed,-27.149664,0.96054864
670,SN2005fa,-47.74242,5.9497495
671,SN2005fm,-40.725555,40.861412
672,SN2005hj,-40.953003,1.8630413
673,SN2005hl,-43.54453,9.062261
674,SN2005hn,-46.85475,0.16296169
675,SN2005hr,-45.586704,-3.1663728
676,SN2005jp,-50.31634,17.534203
677,SN2005ld,-46.75964,7.8858023
678,SN2005le,-19.171719,35.338608
679,SN2006V,-41.94402,-4.497045
680,SN2006au,-38.99273,-1.1780388
681,SN2006fd,-45.24973,6.6301556
682,SN2006fy,-18.519276,12.78219
683,SN2006hl,-53.594276,2.723367
684,SN2006ht,-45.43239,-1.9623437
685,SN2006hx,-40.2429,2.9780116
686,SN2006ji,-15.45513,13.65429
687,SN2006lc,-42.069,3.7638676
688,SN2006oa,-41.568848,2.4158616
689,SN2006ob,-44.452347,-2.3573804
690,SN2006oc,-37.381172,35.356262
691,SN2006oj,-47.716587,4.1803765
692,SN2006ps,-19.4207,17.797173
693,SN2006qq,-41.27805,-0.57198626
694,SN2007gt,-44.416862,-0.5453356
695,SN2007ht,-15.931544,23.72425
696,SN2007hx,-45.687122,9.001611
697,SN2007ic,-6.106597,35.263733
698,SN2007jk,-20.140081,35.77442
699,SN2007kl,-49.40452,1.3126898
700,SN2007lg,-15.664599,26.0556
701,SN2007ma,-45.677814,8.171248
702,SN2007mb,-10.726453,4.870248
703,SN2007nd,-46.94645,-0.62020695
704,SN2007nf,-21.005358,39.235054
705,SN2007px,-45.3333,7.3114285
706,SN2007pz,-51.126663,8.868447
707,SN2007ql,-14.691351,23.93926
708,SN2007qt,-46.72247,2.5634441
709,SN2007ra,-44.639824,7.565462
710,SN2007se,-24.672426,32.08007
711,SN2008J,-33.06449,-9.194579
712,SN2013bh,-43.298565,7.2022705
713,SDSS-II SN 16142,-0.83868504,-23.470604
714,SDSS-II SN 18321,-56.26615,1.4435577
715,SDSS-II SN 2632,-11.741573,-2.9933865
716,SDSS-II SN 6075,-5.718085,-21.800858
717,SN2005fr,-48.041336,0.07492694
718,SN2005gf,-50.532887,7.4047337
719,SN2005if,-21.670446,25.55536
720,SN2007kw,-16.318153,1.0650731
721,SN2007lz,-36.467064,34.677235
722,SDSS-II SN 10299,-37.821358,31.706081
723,SDSS-II SN 11092,-11.447737,27.546913
724,SDSS-II SN 1164,-13.753521,32.871956
725,SDSS-II SN 13131,-21.63857,-33.238525
726,SDSS-II SN 13413,-21.741522,-31.36149
727,SDSS-II SN 14137,-38.394848,24.57182
728,SDSS-II SN 14304,4.3586874,10.787222
729,SDSS-II SN 14455,-18.094902,-6.895817
730,SDSS-II SN 14470,-13.927312,34.940716
731,SDSS-II SN 14499,-19.340536,-23.191263
732,SDSS-II SN 15696,-0.51180154,12.513339
733,SDSS-II SN 16172,-38.347347,27.083855
734,SDSS-II SN 16199,5.003943,10.898227
735,SDSS-II SN 1631,-21.029074,-32.30963
736,SDSS-II SN 16433,-21.009201,-16.93724
737,SDSS-II SN 16603,-9.0918865,2.2592669
738,SDSS-II SN 17703,-23.661476,34.647392
739,SDSS-II SN 17739,-40.533195,31.255644
740,SDSS-II SN 17777,-18.44122,-25.574394
741,SDSS-II SN 17910,-41.142212,28.678331
742,SDSS-II SN 18324,-33.96546,40.875416
743,SDSS-II SN 18447,-20.886475,-29.560232
744,SDSS-II SN 18733,-22.692408,-2.8021486
745,SDSS-II SN 18831,-21.117567,-23.86134
746,SDSS-II SN 18978,-39.585304,35.232887
747,SDSS-II SN 1903,0.6664784,35.197838
748,SDSS-II SN 19319,-42.16976,32.651367
749,SDSS-II SN 19332,-16.160896,-8.46648
750,SDSS-II SN 19769,-6.1173134,10.232336
751,SDSS-II SN 20046,-25.726292,22.845177
752,SDSS-II SN 20104,-28.895954,-23.416725
753,SDSS-II SN 20295,-18.601143,-18.952673
754,SDSS-II SN 20925,-17.968624,-22.249367
755,SDSS-II SN 2468,-19.067719,-5.6669755
756,SDSS-II SN 2734,-24.894966,30.215633
757,SDSS-II SN 3118,-15.609744,29.519112
758,SDSS-II SN 3205,-23.278807,4.5387383
759,SDSS-II SN 3508,-25.522217,-28.085722
760,SDSS-II SN 4322,-26.459068,38.13968
761,SDSS-II SN 5339,4.1407266,11.544357
762,SDSS-II SN 5858,-20.92588,0.26284218
763,SDSS-II SN 5877,-12.93576,-17.630556
764,SDSS-II SN 6282,-2.7531292,-15.708569
765,SDSS-II SN 7017,1.845339,13.454701
766,SDSS-II SN 7099,-9.652076,36.449833
767,SDSS-II SN 7357,3.6660707,10.035337
768,SDSS-II SN 7417,-16.442574,7.8992205
769,SDSS-II SN 7802,-17.900902,-7.514017
770,SDSS-II SN 7864,-11.442622,1.4227288
771,SDSS-II SN 8555,-36.621113,40.44136
772,SN2005ei,-6.5287356,14.057317
773,SN2005em,-22.431135,14.389873
774,SN2005gb,-6.186511,16.655195
775,SN2005hk,-31.504465,-9.668343
776,SN2005hv,2.735075,14.6375885
777,SN2005hy,-11.220086,27.124683
778,SN2005ir,-9.456129,24.295221
779,SN2005jr,-33.541397,23.112492
780,SN2005kj,-25.77559,-13.367799
781,SN2005kr,-13.311192,38.554035
782,SN2006eq,-7.8087573,20.935085
783,SN2006fc,0.49890852,13.629066
784,SN2006fh,-1.4948461,40.289932
785,SN2006fm,-7.7800226,27.532848
786,SN2006fz,-7.6625876,4.135521
787,SN2006gn,-7.6716356,16.050047
788,SN2006iz,-23.881178,11.721457
789,SN2006jq,-2.8282492,16.147675
790,SN2006jt,-1.3614358,16.976585
791,SN2006ls,-11.463486,28.901648
792,SN2006mn,-3.4004745,-13.29721
793,SN2006mw,-39.981895,25.232843
794,SN2006ne,3.0112486,11.215314
795,SN2006pl,-31.426214,24.119146
796,SN2006pp,-18.030895,-17.760637
797,SN2007hz,-0.28054452,16.383509
798,SN2007ix,0.92992073,15.753617
799,SN2007jd,-12.801682,17.045275
800,SN2007jg,-10.75387,22.55311
801,SN2007jo,-7.830632,27.057095
802,SN2007jt,-0.08977483,17.462198
803,SN2007ju,-10.327513,22.63214
804,SN2007ks,-8.665396,15.470938
805,SN2007lq,-12.413539,28.633484
806,SN2007mh,-10.278639,14.567162
807,SN2007mi,-7.0906076,12.954212
808,SN2007mm,-19.84286,1.6774801
809,SN2007mn,-1.2652305,38.338226
810,SN2007oi,-37.905155,25.87146
811,SN2007pt,-31.573782,38.769073
812,SN2007pu,-8.833293,22.24004
813,SN2007pv,-29.82658,22.903204
814,SN2007qi,-9.533471,3.0297747
815,SN2007rk,-28.33942,-22.71575
816,SN2008ax,16.067873,6.092048
817,SN2009N,-16.82192,-13.878545
818,SN2010gx,-14.869017,19.320463
819,SDSS-II SN 10559,-38.219456,28.212421
820,SDSS-II SN 18399,-24.43086,-29.05519
821,SN2005gw,2.1091447,16.207237
822,SN2005ht,2.169027,15.528211
823,SN2005ii,-9.285312,10.2141285
824,SN2005ja,-29.328794,27.781788
825,SN2005jc,-11.886893,11.938785
826,SN2005jn,-17.641768,6.981399
827,SN2005js,-12.371081,3.659709
828,SN2005jw,-14.5109005,-2.2289855
829,SN2005mi,-32.16184,30.521605
830,SN2007lj,-27.908913,43.815243
831,SN2007pi,-13.214226,-17.233473
832,SDSS-II SN 10054,-25.698755,-27.359947
833,SDSS-II SN 10113,-37.420723,32.59315
834,SDSS-II SN 1024,-11.260602,-3.9222183
835,SDSS-II SN 10324,-29.342169,27.072098
836,SDSS-II SN 1109,-28.321838,22.395056
837,SDSS-II SN 1113,-22.680784,12.602695
838,SDSS-II SN 12804,-7.238805,11.896977
839,SDSS-II SN 12895,-33.81806,37.806866
840,SDSS-II SN 12941,-35.740604,41.44291
841,SDSS-II SN 12978,-21.605503,32.34024
842,SDSS-II SN 13009,-38.750862,35.633953
843,SDSS-II SN 13016,-33.88146,35.165447
844,SDSS-II SN 13027,-19.530596,-6.201321
845,SDSS-II SN 13144,-13.559881,11.261568
846,SDSS-II SN 13269,-19.221777,-31.83231
847,SDSS-II SN 13323,-34.013245,26.90016
848,SDSS-II SN 13411,-28.238508,32.222042
849,SDSS-II SN 13491,-18.867256,-28.732655
850,SDSS-II SN 13566,-18.482904,-8.024174
851,SDSS-II SN 13589,-0.56589526,-14.200228
852,SDSS-II SN 13689,-29.91033,34.040714
853,SDSS-II SN 13703,-32.460735,36.020096
854,SDSS-II SN 13768,-9.470551,9.846562
855,SDSS-II SN 13842,0.56692666,-13.894386
856,SDSS-II SN 13859,-15.575144,36.22638
857,SDSS-II SN 13909,-28.996365,35.205784
858,SDSS-II SN 1409,-17.533165,-5.664143
859,SDSS-II SN 14172,-13.746348,-35.346886
860,SDSS-II SN 14209,-37.31082,43.591675
861,SDSS-II SN 14232,-17.539366,-2.001521
862,SDSS-II SN 14305,-20.328386,9.867267
863,SDSS-II SN 14309,-4.5898495,0.18847755
864,SDSS-II SN 14334,12.040563,-13.689984
865,SDSS-II SN 14343,-30.543018,26.555971
866,SDSS-II SN 14426,-19.756369,-29.20761
867,SDSS-II SN 14438,-30.78542,36.81662
868,SDSS-II SN 14444,-28.389782,26.267727
869,SDSS-II SN 14452,-15.473626,10.787453
870,SDSS-II SN 14463,-27.429066,31.616142
871,SDSS-II SN 14540,-19.557472,36.598854
872,SDSS-II SN 14661,-19.43816,-21.84064
873,SDSS-II SN 14744,-21.145796,-16.104597
874,SDSS-II SN 14750,-33.015774,42.97033
875,SDSS-II SN 14784,-29.78162,25.490797
876,SDSS-II SN 14888,-37.383503,39.564377
877,SDSS-II SN 15137,-14.739886,36.230076
878,SDSS-II SN 15286,-31.604471,21.966177
879,SDSS-II SN 15314,-16.7022,-23.59423
880,SDSS-II SN 15357,-38.091957,35.010075
881,SDSS-II SN 15413,-26.77748,9.955521
882,SDSS-II SN 15419,-30.031872,24.340647
883,SDSS-II SN 15489,-20.180271,-33.172375
884,SDSS-II SN 15496,-25.254234,22.773926
885,SDSS-II SN 15511,-30.970146,32.390186
886,SDSS-II SN 15522,-10.644356,3.6560328
887,SDSS-II SN 15606,-22.461607,-28.393784
888,SDSS-II SN 15647,-2.1817594,-17.12719
889,SDSS-II SN 15675,-14.6688,9.719784
890,SDSS-II SN 15692,-29.148947,28.851366
891,SDSS-II SN 15755,-33.259712,33.560917
892,SDSS-II SN 15777,-36.476276,25.60494
893,SDSS-II SN 15784,-29.072754,40.850388
894,SDSS-II SN 15827,-19.350636,-32.953144
895,SDSS-II SN 15829,-38.773296,31.637056
896,SDSS-II SN 15850,-26.102278,28.833351
897,SDSS-II SN 15860,-10.161283,1.6501772
898,SDSS-II SN 15884,-30.990814,35.560894
899,SDSS-II SN 15935,-20.744831,-3.091789
900,SDSS-II SN 16111,-3.2787135,39.487198
901,SDSS-II SN 16148,-16.446321,-22.253843
902,SDSS-II SN 16200,-7.9889517,33.00907
903,SDSS-II SN 16220,-22.985537,40.403698
904,SDSS-II SN 16237,-36.65131,24.88334
905,SDSS-II SN 16302,-13.759394,29.213392
906,SDSS-II SN 1656,-20.236124,-27.664394
907,SDSS-II SN 16572,-29.971266,36.256573
908,SDSS-II SN 1658,-22.803139,37.83661
909,SDSS-II SN 17324,-38.189667,39.260258
910,SDSS-II SN 17436,-18.532368,-2.4790008
911,SDSS-II SN 17509,-1.5857477,-25.178434
912,SDSS-II SN 17641,-49.97883,-9.532474
913,SDSS-II SN 17647,-29.442188,39.168633
914,SDSS-II SN 17683,-18.995983,-27.44323
915,SDSS-II SN 17695,-39.582523,28.41308
916,SDSS-II SN 17696,-19.905315,-5.1354375
917,SDSS-II SN 17818,-19.234344,-16.929462
918,SDSS-II SN 17820,-35.384262,32.113155
919,SDSS-II SN 17837,-17.437977,-24.92093
920,SDSS-II SN 17854,-6.9611416,36.760532
921,SDSS-II SN 17860,-34.718594,24.477509
922,SDSS-II SN 17882,-33.177155,30.132378
923,SDSS-II SN 17899,-21.719181,4.075878
924,SDSS-II SN 17909,-7.1241937,-14.179157
925,SDSS-II SN 18079,-19.721197,-28.36316
926,SDSS-II SN 1810,-5.6657186,40.013905
927,SDSS-II SN 1823,-4.889975,40.235394
928,SDSS-II SN 18374,-9.762577,6.7423267
929,SDSS-II SN 18425,-28.096638,-23.8316
930,SDSS-II SN 18704,-40.351727,32.574623
931,SDSS-II SN 18814,-15.467131,-2.6650229
932,SDSS-II SN 18941,-13.076149,1.0469904
933,SDSS-II SN 19000,-8.375065,36.966866
934,SDSS-II SN 19205,-40.08923,40.14022
935,SDSS-II SN 19322,-10.29689,0.28856456
936,SDSS-II SN 19408,-5.998922,-18.40754
937,SDSS-II SN 19424,-18.52966,-3.7965112
938,SDSS-II SN 19449,-33.32721,25.357729
939,SDSS-II SN 19468,-19.902658,-34.15163
940,SDSS-II SN 19575,-23.912092,-18.730623
941,SDSS-II SN 19636,-15.099796,35.364403
942,SDSS-II SN 1975,-14.463304,-1.3360387
943,SDSS-II SN 20033,-15.526842,-1.0451105
944,SDSS-II SN 20043,-36.720474,26.843397
945,SDSS-II SN 20090,-34.129528,42.76187
946,SDSS-II SN 20171,-23.383192,-0.9433312
947,SDSS-II SN 20505,-19.77821,-26.065563
948,SDSS-II SN 2063,-30.994808,45.44412
949,SDSS-II SN 20727,-20.906347,-24.859219
950,SDSS-II SN 20860,2.81196,30.794365
951,SDSS-II SN 20928,-2.859631,-17.697813
952,SDSS-II SN 20968,-20.399485,-23.001738
953,SDSS-II SN 20990,-16.516062,16.4461
954,SDSS-II SN 20998,-39.411587,31.103987
955,SDSS-II SN 21407,-19.930834,-24.117619
956,SDSS-II SN 2306,-12.84519,37.78452
957,SDSS-II SN 2319,-29.717213,31.925196
958,SDSS-II SN 2423,-38.412838,37.730133
959,SDSS-II SN 2537,-17.272354,33.361134
960,SDSS-II SN 2538,-18.560865,39.178364
961,SDSS-II SN 2545,-8.241968,-19.724264
962,SDSS-II SN 2746,-25.24505,10.219107
963,SDSS-II SN 2855,-23.26238,38.52051
964,SDSS-II SN 2926,-39.447796,30.396187
965,SDSS-II SN 3068,-6.7501783,-12.702261
966,SDSS-II SN 3077,-17.67835,34.834312
967,SDSS-II SN 3175,-15.443152,34.68755
968,SDSS-II SN 3184,-4.765323,38.326214
969,SDSS-II SN 3506,-14.887158,12.051877
970,SDSS-II SN 3881,-39.339115,37.313847
971,SDSS-II SN 3897,-37.161896,23.997444
972,SDSS-II SN 3908,-27.895054,-21.931768
973,SDSS-II SN 4048,-18.241743,-1.3618268
974,SDSS-II SN 4236,-21.661448,-1.0109476
975,SDSS-II SN 4397,-23.879766,40.73529
976,SDSS-II SN 4484,-0.6713147,-2.793508
977,SDSS-II SN 4627,-26.230408,10.037866
978,SDSS-II SN 4640,-18.620016,17.589817
979,SDSS-II SN 4664,-21.404215,-2.9535182
980,SDSS-II SN 4669,-25.307814,0.97664213
981,SDSS-II SN 5552,-16.020855,5.6592174
982,SDSS-II SN 5702,-5.7690077,40.96228
983,SDSS-II SN 5735,-10.819835,6.1024027
984,SDSS-II SN 5802,-33.197796,39.751644
985,SDSS-II SN 5917,-31.817291,34.6229
986,SDSS-II SN 6502,-38.57809,30.347097
987,SDSS-II SN 6520,-34.857155,41.725212
988,SDSS-II SN 6535,-29.788649,42.67279
989,SDSS-II SN 6709,-19.478914,-29.996626
990,SDSS-II SN 6851,-16.782925,-21.040232
991,SDSS-II SN 6854,-19.5203,10.422231
992,SDSS-II SN 6973,-15.71362,33.819473
993,SDSS-II SN 716,-36.852627,37.297817
994,SDSS-II SN 7205,-42.721607,33.629898
995,SDSS-II SN 7231,-9.8511095,-19.823206
996,SDSS-II SN 7304,-27.324928,40.14787
997,SDSS-II SN 7444,-33.367363,41.790955
998,SDSS-II SN 8127,-23.025951,-18.37726
999,SDSS-II SN 822,-25.18405,37.51655
1000,SDSS-II SN 8297,-14.402614,10.658634
1001,SDSS-II SN 841,-32.471603,25.496998
1002,SDSS-II SN 859,-38.221382,40.239407
1003,SDSS-II SN 8742,-30.69153,41.59426
1004,SDSS-II SN 9109,-11.284408,33.37414
1005,SDSS-II SN 9954,-20.086948,33.539524
1006,SN1000+0216,-31.670591,26.71831
1007,SN2005gj,-27.428102,15.697166
1008,SN2005hm,-17.07365,1.8647906
1009,SN2005in,-9.227467,38.102287
1010,SN2005iv,-22.04985,3.3336694
1011,SN2005jm,-9.63845,7.8594785
1012,SN2005ju,-20.908106,-1.8246402
1013,SN2005jx,4.0970554,29.58226
1014,SN2005lb,-25.688284,-6.065788
1015,SN2005lc,-19.891502,22.15461
1016,SN2005mj,-13.751652,15.001154
1017,SN2006aa,-33.287533,11.442934
1018,SN2006er,-8.236923,18.07408
1019,SN2006ex,-22.225481,28.875053
1020,SN2006ez,-1.5380327,37.70262
1021,SN2006fb,-34.672916,40.05651
1022,SN2006fj,-9.233864,4.688327
1023,SN2006fl,-7.860393,7.6701436
1024,SN2006fs,-7.0437794,38.81364
1025,SN2006fu,-11.79828,6.8062863
1026,SN2006gg,-8.349743,38.637638
1027,SN2006gh,-29.015402,32.767597
1028,SN2006hd,-38.91853,32.80054
1029,SN2006he,-19.9772,34.55149
1030,SN2006hf,-22.037783,37.840717
1031,SN2006hg,-32.80825,41.085392
1032,SN2006hp,-26.17571,34.773342
1033,SN2006hr,-12.755949,14.369805
1034,SN2006hu,-17.601011,8.072551
1035,SN2006hv,-22.992167,32.380344
1036,SN2006hy,-6.812361,32.892292
1037,SN2006hz,-22.893229,9.805418
1038,SN2006ix,-10.667334,31.844374
1039,SN2006iy,-10.946065,9.118354
1040,SN2006jh,-7.333247,38.09245
1041,SN2006jj,-13.874761,12.993661
1042,SN2006jk,-21.007961,-0.7271624
1043,SN2006jn,-21.656685,30.854761
1044,SN2006jr,-17.98518,10.082651
1045,SN2006ju,-13.579842,2.548724
1046,SN2006jy,-16.469728,6.977997
1047,SN2006ka,-27.386797,33.377487
1048,SN2006kb,-19.58308,31.752514
1049,SN2006kc,-24.545307,31.247873
1050,SN2006kl,-21.998678,36.41409
1051,SN2006km,-36.20054,42.68499
1052,SN2006ko,-22.434471,-1.4450476
1053,SN2006ky,-10.067719,33.52376
1054,SN2006kz,-12.184553,13.584892
1055,SN2006lb,-20.19871,7.526656
1056,SN2006lj,-32.762447,22.456219
1057,SN2006ln,-20.932745,10.157528
1058,SN2006lo,-13.195744,13.2892475
1059,SN2006lp,-22.31004,0.117638506
1060,SN2006mv,-24.321001,27.050087
1061,SN2006na,-21.21353,-16.19654
1062,SN2006nb,-6.687224,40.56227
1063,SN2006nd,-2.3471851,39.1075
1064,SN2006ni,-15.332231,37.63049
1065,SN2006nj,-12.704274,-2.5712113
1066,SN2006nk,-20.374166,11.221122
1067,SN2006nl,-28.238222,27.99295
1068,SN2006nn,-3.3739407,38.56357
1069,SN2006nv,-27.638597,28.723326
1070,SN2006nx,-32.69407,38.585552
1071,SN2006od,-9.353047,35.36438
1072,SN2006of,-4.7094126,37.207283
1073,SN2006oh,-13.6909075,24.141935
1074,SN2006oi,-17.167812,8.70327
1075,SN2006ol,-10.771285,12.775123
1076,SN2006om,-24.310734,28.963388
1077,SN2006pa,-12.785838,8.255703
1078,SN2006pf,-33.162464,28.436525
1079,SN2006pq,-14.319856,28.543785
1080,SN2006qg,-17.162514,14.137694
1081,SN2007id,-1.2132685,40.025166
1082,SN2007je,-20.425665,38.318024
1083,SN2007jh,-7.72337,20.720287
1084,SN2007jl,-32.636086,31.657217
1085,SN2007jm,-23.816296,-26.83381
1086,SN2007jw,-19.389658,38.70085
1087,SN2007kr,-24.41083,1.1686556
1088,SN2007kt,-27.610312,36.14583
1089,SN2007kv,-16.45513,8.9534
1090,SN2007kx,-11.20324,7.502981
1091,SN2007lb,-26.647594,0.96281755
1092,SN2007lc,-10.2479925,15.273519
1093,SN2007lh,-29.245882,36.953773
1094,SN2007ll,-21.136913,28.930172
1095,SN2007ln,-25.18832,32.93044
1096,SN2007lo,-23.367062,34.06191
1097,SN2007lp,-26.59084,33.76233
1098,SN2007lt,-7.1752224,7.5744605
1099,SN2007mc,-13.872801,26.451225
1100,SN2007me,-23.324398,31.954065
1101,SN2007mj,-20.056303,18.294767
1102,SN2007mk,-9.201682,34.371098
1103,SN2007ml,-24.90681,28.151045
1104,SN2007mv,-33.902573,32.67773
1105,SN2007mz,-16.71094,14.695584
1106,SN2007ne,-22.443226,30.056519
1107,SN2007nh,-17.078587,35.394203
1108,SN2007ni,-7.0141497,39.923576
1109,SN2007nj,-7.8743615,35.889957
1110,SN2007nu,-32.569126,23.003468
1111,SN2007oe,-31.978739,32.07449
1112,SN2007oj,-23.732838,33.210655
1113,SN2007ok,-13.743049,9.099413
1114,SN2007ot,-8.589426,35.755466
1115,SN2007ou,-23.44918,29.47357
1116,SN2007ow,-23.177828,1.8490738
1117,SN2007ph,-12.333359,38.982788
1118,SN2007pn,-11.320679,-0.2883093
1119,SN2007po,-17.171932,6.139315
1120,SN2007pp,-36.669044,32.325294
1121,SN2007pw,-29.16343,-24.922583
1122,SN2007qf,-17.3682,15.092913
1123,SN2007qg,-12.547513,32.804996
1124,SN2007qh,-7.07955,34.086338
1125,SN2007qm,-21.698534,30.088003
1126,SN2007qp,-11.829846,8.354412
1127,SN2007qq,-32.367863,41.805347
1128,SN2007qr,-11.106143,32.57279
1129,SN2007qy,-6.0844073,37.30109
1130,SN2007rd,-22.303112,2.447017
1131,SN2007rl,-4.377694,35.349174
1132,SN2007rp,-13.585862,25.24151
1133,SN2007sb,-13.464746,36.00003
1134,SN2007sd,-16.971806,13.137039
1135,SN2007tr,-35.714073,40.161835
1136,SN2008fq,-31.802998,-9.597431
1137,SDSS-II SN 1592,-0.11463474,29.209719
1138,SN2005iw,-17.420038,-8.151404
1139,SN2006bo,-19.82237,15.401855
1140,PS1-12bku,-51.581417,-3.1578844
1141,PS1-14vk,-46.652245,1.4145981
1142,SDSS-II SN 11316,54.604717,9.976415
1143,SDSS-II SN 12827,-53.617966,-4.1090384
1144,SDSS-II SN 13148,0.9482438,-2.069309
1145,SDSS-II SN 13247,-56.954273,-2.7558713
1146,SDSS-II SN 13277,-55.089108,-4.4517026
1147,SDSS-II SN 13515,-3.9452024,-23.221022
1148,SDSS-II SN 13628,-7.355804,-29.545061
1149,SDSS-II SN 13657,-53.64968,-6.26069
1150,SDSS-II SN 13815,-17.546831,-35.637604
1151,SDSS-II SN 13861,-52.836716,-4.5603433
1152,SDSS-II SN 13904,-12.626533,-26.267275
1153,SDSS-II SN 13946,-3.1168318,-22.325554
1154,SDSS-II SN 14065,-16.640032,-32.358337
1155,SDSS-II SN 14074,-54.94167,0.21618143
1156,SDSS-II SN 14357,-52.67169,-5.7806387
1157,SDSS-II SN 14539,-53.270893,-1.4358937
1158,SDSS-II SN 14588,-16.95663,-33.2758
1159,SDSS-II SN 14638,-13.794723,-22.126139
1160,SDSS-II SN 14907,1.7287887,-16.209991
1161,SDSS-II SN 14978,-49.866142,-10.280954
1162,SDSS-II SN 15294,-55.072132,-1.0088278
1163,SDSS-II SN 1536,-50.31291,-4.636108
1164,SDSS-II SN 15526,-55.385998,-2.6983519
1165,SDSS-II SN 15593,-53.54184,-2.4667633
1166,SDSS-II SN 15913,-19.07844,-34.805565
1167,SDSS-II SN 16360,-23.091906,-23.537018
1168,SDSS-II SN 16652,9.097063,-5.0111523
1169,SDSS-II SN 16849,-6.190571,-12.040777
1170,SDSS-II SN 17322,-51.74604,-1.0474546
1171,SDSS-II SN 17793,-9.722498,-33.156136
1172,SDSS-II SN 1783,-51.149002,-1.4903381
1173,SDSS-II SN 18392,-15.959454,-25.366898
1174,SDSS-II SN 18459,-48.766056,4.9193115
1175,SDSS-II SN 18478,-9.980069,-27.59566
1176,SDSS-II SN 1848,5.408258,-24.5812
1177,SDSS-II SN 19190,-53.439354,-5.129699
1178,SDSS-II SN 19221,-24.77543,-21.272703
1179,SDSS-II SN 19325,-2.262912,-21.396643
1180,SDSS-II SN 19339,-45.29632,-1.3250647
1181,SDSS-II SN 19524,-8.540516,-27.291119
1182,SDSS-II SN 19555,-6.5642805,-17.24669
1183,SDSS-II SN 19645,-14.0231,-26.268532
1184,SDSS-II SN 20323,-1.7118208,-19.671041
1185,SDSS-II SN 20435,-50.898026,-0.4825892
1186,SDSS-II SN 2050,-48.547436,3.0186164
1187,SDSS-II SN 20517,9.833144,-22.102825
1188,SDSS-II SN 20542,-0.12148581,-2.2664495
1189,SDSS-II SN 2060,-53.031624,-7.2356315
1190,SDSS-II SN 20947,0.061853867,-3.1461356
1191,SDSS-II SN 20965,-1.3139043,-18.024752
1192,SDSS-II SN 21478,-18.889591,-36.55185
1193,SDSS-II SN 2551,-15.277357,-23.649986
1194,SDSS-II SN 3543,-48.795586,2.0188246
1195,SDSS-II SN 3669,-49.7308,-11.454349
1196,SDSS-II SN 3945,-46.60312,3.1510317
1197,SDSS-II SN 4229,-4.8667064,-16.606596
1198,SDSS-II SN 4638,-45.263603,2.4663079
1199,SDSS-II SN 5403,10.477247,-16.961117
1200,SDSS-II SN 7654,-56.57385,-1.8995957
1201,SDSS-II SN 7699,-53.90332,-7.644072
1202,SDSS-II SN 7794,-16.466295,-29.276508
1203,SDSS-II SN 7839,-3.3746464,-21.25906
1204,SDSS-II SN 8062,-55.07447,-5.7060285
1205,SDSS-II SN 919,-49.670254,-6.4602475
1206,SDSS-II SN 9268,-52.823814,-2.6732225
1207,SN2006ew,0.18480094,40.03756
1208,SN2007my,-49.37879,-3.1335654
1209,SN2007oq,-26.279568,-25.98465
1210,SN2007qk,-17.220354,-28.832851
1211,SDSS-II SN 14589,-49.25257,-7.5668383
1212,SN2005fd,24.81858,-1.6545695
1213,SDSS-II SN 13314,-0.011583329,-25.52761
1214,SDSS-II SN 13476,-8.610831,-16.447195
1215,SDSS-II SN 13477,-17.905273,-31.291988
1216,SDSS-II SN 13896,3.826901,15.896683
1217,SDSS-II SN 15569,-3.9907112,-15.214328
1218,SDSS-II SN 15900,-3.907852,-0.8787632
1219,SDSS-II SN 17829,-20.337704,-21.830265
1220,SDSS-II SN 18291,-18.475191,-29.536417
1221,SDSS-II SN 19034,-12.191045,-34.769997
1222,SDSS-II SN 19308,-7.528666,-15.254468
1223,SDSS-II SN 20334,-3.972499,-18.64752
1224,SDSS-II SN 20771,-17.855413,-24.287264
1225,SDSS-II SN 4059,-4.8808403,-19.27827
1226,SDSS-II SN 4110,-21.845127,-19.711714
1227,SDSS-II SN 6433,5.3602996,11.984773
1228,SDSS-II SN 789,-20.197666,-31.620022
1229,SN2005gx,1.469952,15.490206
1230,SN2006hh,5.933509,16.466642
1231,SN2006hs,7.4386497,11.4774065
1232,SN2006kt,13.10226,-14.226698
1233,SN2006mu,5.590608,10.884828
1234,SN2006ng,4.7793646,11.976616
1235,SN2007ka,-26.958748,34.933735
1236,SN2007ko,14.591113,-15.471435
1237,SN2006gb,10.951119,-15.901295
1238,SDSS-II SN 13145,-24.716589,-30.758379
1239,SDSS-II SN 13496,-12.884927,-27.428703
1240,SDSS-II SN 1367,-2.210179,-24.169386
1241,SDSS-II SN 13729,-3.500877,-11.69414
1242,SDSS-II SN 13742,-6.7643533,-21.056019
1243,SDSS-II SN 14469,-22.980797,-4.7828674
1244,SDSS-II SN 14639,-10.764627,-32.872314
1245,SDSS-II SN 14751,29.030022,-39.141804
1246,SDSS-II SN 14827,-3.599322,-16.348152
1247,SDSS-II SN 15258,1.6706983,33.965965
1248,SDSS-II SN 15303,-3.9339612,0.30814505
1249,SDSS-II SN 16472,-28.307152,-25.119837
1250,SDSS-II SN 17292,48.568703,25.801718
1251,SDSS-II SN 17781,-6.487029,32.078964
1252,SDSS-II SN 17996,-11.45108,-33.020485
1253,SDSS-II SN 18111,-0.5045527,-20.104366
1254,SDSS-II SN 19346,-1.0951871,-15.859312
1255,SDSS-II SN 19438,18.216814,2.175817
1256,SDSS-II SN 2527,-5.230117,-25.293715
1257,SDSS-II SN 3112,-17.666056,-27.862185
1258,SDSS-II SN 3957,1.3103998,-5.3396416
1259,SDSS-II SN 4465,11.253695,-49.143543
1260,SDSS-II SN 5943,3.7508185,29.95629
1261,SDSS-II SN 6635,5.2685137,-26.541039
1262,SDSS-II SN 6877,-27.305225,-27.628817
1263,SDSS-II SN 7003,-7.9301753,-0.3327446
1264,SN2006hi,-3.5991375,-20.190725
1265,SN2006nh,34.79174,8.764811
1266,SN2006pz,-3.7688763,-17.305984
1267,SN2006sv,-11.0372505,35.08214
1268,SN2007mx,-18.40488,-36.999214
1269,SN2007sg,-15.769662,15.328181
1270,SN2007sk,-8.597078,2.8339357
1271,SDSS-II SN 19487,-10.955274,-20.781452
1272,SDSS-II SN 20932,-17.056131,-27.562162
1273,SDSS-II SN 7575,-5.7333555,-23.6178
