,SN,0,1,2
0,SDSS-II SN 10450,-24.651615,-61.27529,16.650972
1,SDSS-II SN 12929,-49.65569,-53.90936,44.561325
2,SDSS-II SN 12942,-26.464376,-40.803596,17.687244
3,SDSS-II SN 13423,4.438999,-30.045603,-47.73868
4,SDSS-II SN 13786,-24.400099,27.968143,-45.381657
5,SDSS-II SN 13957,-3.530477,-14.875389,2.6311202
6,SDSS-II SN 14332,-41.262615,-24.493658,12.02844
7,SDSS-II SN 14355,14.4859495,-85.44733,-34.86826
8,SDSS-II SN 14478,9.322834,-49.3516,9.972378
9,SDSS-II SN 14883,-32.291035,-40.06505,-44.984215
10,SDSS-II SN 14965,-78.87705,-10.248183,-35.12969
11,SDSS-II SN 14988,-27.66555,-75.53877,7.189704
12,SDSS-II SN 1504,-26.975191,-36.65217,-54.54481
13,SDSS-II SN 15103,-13.641474,-39.953327,-25.134413
14,SDSS-II SN 15255,-1.1596901,-67.09816,-13.19574
15,SDSS-II SN 15385,12.743224,-62.76122,-27.785727
16,SDSS-II SN 15958,2.849436,-29.607038,7.8127303
17,SDSS-II SN 16052,-21.348372,-68.46538,-37.2532
18,SDSS-II SN 16225,-11.087773,-10.410077,-29.663479
19,SDSS-II SN 16586,-17.872557,-13.546919,-12.659924
20,SDSS-II SN 17097,23.252337,-78.28087,-9.601384
21,SDSS-II SN 17371,-44.68609,33.82171,44.165184
22,SDSS-II SN 17374,-46.58049,5.2525444,-9.763557
23,SDSS-II SN 17597,-41.093327,6.7106543,38.3359
24,SDSS-II SN 17776,-30.750847,-7.3349266,3.7243621
25,SDSS-II SN 17916,-16.31065,-31.396563,-5.422043
26,SDSS-II SN 17965,-25.997725,-70.36016,25.65045
27,SDSS-II SN 18191,-28.726215,-20.147058,27.053215
28,SDSS-II SN 18666,-56.764503,-46.809967,17.524591
29,SDSS-II SN 19011,-44.98658,13.089847,28.964302
30,SDSS-II SN 19024,-69.33951,26.101473,42.40249
31,SDSS-II SN 19118,-5.676902,-18.870634,39.97917
32,SDSS-II SN 19350,-46.372234,-13.440441,36.39658
33,SDSS-II SN 19499,-75.08235,30.921757,27.980976
34,SDSS-II SN 19537,15.345123,-64.34831,-46.336185
35,SDSS-II SN 20301,12.008392,-68.72304,-14.102116
36,SDSS-II SN 20553,-52.147545,-15.248089,-35.85408
37,SDSS-II SN 20694,15.743317,-40.40991,19.69484
38,SDSS-II SN 2081,68.48548,-14.213196,36.2125
39,SDSS-II SN 21600,-9.764612,-53.77893,23.808165
40,SDSS-II SN 2313,21.226213,-73.71451,-41.426643
41,SDSS-II SN 3370,-29.374392,-50.469856,-36.577095
42,SDSS-II SN 3535,-47.51454,-27.519209,-62.93639
43,SDSS-II SN 3674,-78.78448,6.45967,1.015365
44,SDSS-II SN 4231,-11.2328005,-27.31669,22.138245
45,SDSS-II SN 4333,-6.9003778,-70.745476,-52.19979
46,SDSS-II SN 5723,-32.4525,17.74102,40.631294
47,SDSS-II SN 8018,-66.00521,30.449394,52.063747
48,SDSS-II SN 9155,-50.253304,-25.09081,-37.33287
49,SN2005fq,-62.156506,-5.587151,51.758644
50,SN2005hw,-15.370286,-20.185074,-30.748709
51,SN2005lk,-55.077915,39.038383,8.830982
52,SN2006lm,-65.6835,-34.27956,-7.2501383
53,SN2006oy,-69.636024,-13.935032,-15.577838
54,SN2006ta,-17.177912,-25.139677,17.004242
55,SN2007jc,-32.875526,32.67859,4.5255404
56,SN2007jx,-41.77045,59.46738,-4.07685
57,SN2007qz,-56.507553,17.743435,39.80744
58,SDSS-II SN 10106,-31.187859,-2.7836206,-16.876783
59,SDSS-II SN 11094,-37.479404,-8.542698,41.421864
60,SDSS-II SN 11850,4.717552,-76.64455,-34.556675
61,SDSS-II SN 13955,12.238118,-45.637573,45.95721
62,SDSS-II SN 14053,1.1039212,-39.559757,4.300506
63,SDSS-II SN 14102,0.44577312,-23.436213,4.078585
64,SDSS-II SN 14228,-16.023033,-7.8583107,48.538383
65,SDSS-II SN 14285,11.121888,-44.944332,-43.837887
66,SDSS-II SN 14322,-21.276117,2.4209251,-71.49146
67,SDSS-II SN 1456,21.71277,-67.43362,-30.028456
68,SDSS-II SN 14851,-31.583357,49.177303,-8.037516
69,SDSS-II SN 1513,-31.101442,-1.0695913,15.977654
70,SDSS-II SN 15428,-7.4460654,-20.956587,-51.04854
71,SDSS-II SN 15470,-31.513878,-41.92507,49.360466
72,SDSS-II SN 1562,-6.821427,-38.649483,-67.846985
73,SDSS-II SN 15988,-10.431346,-77.72051,-40.404545
74,SDSS-II SN 15992,-9.502243,-9.6104355,-43.383984
75,SDSS-II SN 16094,4.923297,-43.669575,-15.596495
76,SDSS-II SN 1706,-33.512043,47.748768,21.252241
77,SDSS-II SN 17455,-40.183174,-36.390564,4.3700314
78,SDSS-II SN 17644,-42.840878,34.969032,11.425403
79,SDSS-II SN 17845,-41.3203,20.634993,35.954067
80,SDSS-II SN 18032,-43.247334,-2.6149702,40.688065
81,SDSS-II SN 18048,-18.734465,-6.586897,9.096232
82,SDSS-II SN 18165,-29.127962,-6.5872245,39.83732
83,SDSS-II SN 18311,-14.290672,-22.436644,40.84202
84,SDSS-II SN 18339,-47.8408,-16.402472,25.055878
85,SDSS-II SN 18365,-23.703808,-4.9239955,33.132053
86,SDSS-II SN 18601,-3.2116778,-47.916412,28.426006
87,SDSS-II SN 18688,9.190229,-83.0702,-41.15803
88,SDSS-II SN 19045,-32.585354,-13.709792,31.354527
89,SDSS-II SN 19175,-31.31732,25.597715,-48.179955
90,SDSS-II SN 19181,1.8875623,-13.353262,17.804955
91,SDSS-II SN 19336,-2.785804,-42.026913,-53.020218
92,SDSS-II SN 19731,-1.5355312,-25.517422,-87.94939
93,SDSS-II SN 20128,-27.852316,-43.001778,-8.74385
94,SDSS-II SN 20695,-7.5963216,9.085558,-6.0378747
95,SDSS-II SN 21065,5.7107,-32.507614,-57.470173
96,SDSS-II SN 21307,-24.0799,18.896461,40.398018
97,SDSS-II SN 21663,-15.79513,-35.355835,-66.93416
98,SDSS-II SN 3832,-6.7442126,-40.07644,17.910307
99,SDSS-II SN 4118,-41.017788,-23.665833,33.369335
100,SDSS-II SN 5323,-35.479458,29.672058,34.333668
101,SDSS-II SN 5595,-30.189074,26.944443,29.013031
102,SDSS-II SN 5897,-13.443992,15.285229,7.5559735
103,SDSS-II SN 6225,-21.410057,6.991089,-33.915794
104,SDSS-II SN 6288,-33.87288,0.016362553,35.960392
105,SDSS-II SN 6638,-3.6780374,-53.81101,3.349812
106,SDSS-II SN 7374,-17.443613,-24.936543,-16.63445
107,SDSS-II SN 7978,-41.965244,-5.8655057,53.15714
108,SDSS-II SN 8165,-42.23484,-43.51097,38.39737
109,SDSS-II SN 8457,11.070828,-50.229366,-68.561424
110,SN2005eg,-91.08849,10.181664,25.074001
111,SN2005fe,-41.009758,-4.656341,-5.4040756
112,SN2005ft,-79.45626,2.920952,32.02985
113,SN2005fv,-75.65138,23.659693,-1.6514189
114,SN2005fx,-41.36395,-3.0016325,-18.79526
115,SN2005gc,-71.491356,36.619434,-6.305149
116,SN2005gs,-48.309544,8.525365,-44.180027
117,SN2005gt,-67.006096,-1.0728153,-38.14729
118,SN2005gu,-22.302622,-29.586157,-29.512571
119,SN2005hc,-42.710278,65.58756,6.0654593
120,SN2005ho,-53.876106,50.038452,18.546911
121,SN2005hx,-61.150753,43.970886,11.593462
122,SN2005id,-59.364685,44.999687,-1.553378
123,SN2005ik,-73.468254,-0.57938707,-10.938178
124,SN2005jb,-12.175652,-18.73749,-41.996685
125,SN2005jf,-47.62573,0.09562405,-64.51946
126,SN2005jl,-69.783226,42.042206,-12.910318
127,SN2005jy,-34.763718,-0.8681113,-25.500431
128,SN2005jz,-33.34937,-8.93625,-22.131937
129,SN2005kn,-45.32764,-14.408679,-11.048461
130,SN2005li,-61.9994,-13.4746475,-17.956501
131,SN2006fg,-24.438211,-60.29924,45.51659
132,SN2006fx,-44.688717,-43.562515,-6.7362356
133,SN2006nu,-81.69426,16.710865,1.3170444
134,SN2006ok,-58.273014,32.871395,-23.470268
135,SN2006oo,-13.950821,-38.146942,8.356642
136,SN2007ih,-60.52027,13.988284,18.266073
137,SN2007mr,21.877481,-60.772957,-19.699186
138,SN2007mt,5.1966043,-37.979187,-65.32834
139,SN2007nk,-71.20994,12.509635,-9.8211355
140,SN2007nl,-47.588566,15.497622,44.05472
141,SN2007pa,-57.533096,27.154314,-5.659833
142,SN2007qn,-12.708973,-21.120733,-62.874367
143,SDSS-II SN 13383,-49.707893,-0.42424032,5.253364
144,SDSS-II SN 14268,-55.105156,-17.155201,17.064535
145,SDSS-II SN 14792,-5.830481,-88.68893,-21.533758
146,SDSS-II SN 15697,3.3586814,-58.07982,-53.25375
147,SDSS-II SN 16467,-32.526054,-20.84765,-21.308352
148,SDSS-II SN 16468,-6.6354904,-60.002945,-30.629194
149,SDSS-II SN 17814,-23.791445,-21.370584,7.6472216
150,SDSS-II SN 17967,-75.96873,-43.211956,9.934745
151,SDSS-II SN 19032,-1.785987,-61.50724,-44.67178
152,SDSS-II SN 19347,-76.682846,-33.63512,-29.957651
153,SDSS-II SN 20278,-41.71773,-8.6223,-53.405773
154,SDSS-II SN 7882,-72.109825,13.981982,-31.946056
155,SN2005hp,-58.95753,19.457108,-24.02431
156,SN2006fk,-62.65111,-63.296177,14.065741
157,SN2006gw,-61.433895,16.091663,-53.649742
158,SN2006la,-73.25789,18.480637,20.072628
159,SN2006pk,-56.247986,12.686982,28.956438
160,SN2007ik,-81.790825,13.3167715,41.839558
161,SN2007iz,-22.612625,-57.631824,-69.88229
162,SN2007jn,-10.270538,-56.980247,-10.191859
163,SDSS-II SN 10991,-6.1565247,-78.416374,-16.092955
164,SDSS-II SN 13633,-35.07779,-17.205183,-52.20746
165,SDSS-II SN 14413,-47.26279,-6.884989,66.698685
166,SDSS-II SN 14475,3.3378625,-87.42929,0.28073415
167,SDSS-II SN 14531,-32.21297,0.84409887,-52.391106
168,SDSS-II SN 15184,-7.152275,-7.314696,11.849861
169,SDSS-II SN 17851,-11.208345,-57.3201,-47.47372
170,SDSS-II SN 20045,6.50459,-64.7333,-37.550137
171,SDSS-II SN 6333,-2.6505926,-91.50885,-41.133144
172,SDSS-II SN 6696,-47.771305,-54.170574,-34.111217
173,SN2005ey,-49.38421,51.56445,0.4972776
174,SN2005ff,-68.02003,29.524818,15.898516
175,SN2005fi,-69.8725,-5.229315,18.229649
176,SN2005fu,-56.43121,44.96501,45.493885
177,SN2005fz,-40.350445,22.920118,-21.522242
178,SN2005ge,-46.414883,19.547138,-32.200375
179,SN2005hu,-76.25267,-40.15106,-21.88185
180,SN2005ia,-91.02373,-13.283184,26.837698
181,SN2005ic,-33.342964,-16.99198,-33.044334
182,SN2005ie,-21.340052,13.273151,-18.277225
183,SN2005ih,-84.48067,-18.243925,-16.29628
184,SN2005jh,-47.26701,36.7533,-14.726224
185,SN2005jk,-61.358517,3.0638974,-12.035122
186,SN2005jo,-57.59785,0.2855716,-2.9198904
187,SN2005jt,-10.729522,-41.644997,-39.68459
188,SN2005mh,-54.566162,-12.064616,-60.63838
189,SN2006fo,-24.716253,-81.055374,-19.262941
190,SN2006gm,-20.692486,11.337765,-8.761513
191,SN2006hc,-87.958694,7.716431,-12.674952
192,SN2006jo,-15.617863,-84.26876,15.111706
193,SN2006jx,7.3899446,-38.722412,-30.95762
194,SN2006no,-33.170338,-16.282513,8.698736
195,SN2007ky,-44.871613,-67.567314,-20.593275
196,SN2007ny,-18.577267,7.326427,36.4726
197,SDSS-II SN 10997,-69.41291,10.70513,29.290243
198,SDSS-II SN 11120,-55.79692,26.039928,17.810879
199,SDSS-II SN 11532,-71.44182,4.105087,24.904257
200,SDSS-II SN 12213,9.133863,-51.910473,-52.816296
201,SDSS-II SN 1257,-45.573444,4.3689103,45.35236
202,SDSS-II SN 12879,-57.2151,-16.340992,42.760357
203,SDSS-II SN 12936,-13.915024,-1.536137,-34.658997
204,SDSS-II SN 12939,-44.61258,-0.3453638,14.896284
205,SDSS-II SN 12964,-33.301796,5.5875983,-32.250576
206,SDSS-II SN 13051,-30.492416,5.1563544,-19.650553
207,SDSS-II SN 13062,-9.943246,-7.697695,36.403347
208,SDSS-II SN 13076,15.62921,-49.208553,-56.113647
209,SDSS-II SN 13096,-34.931343,-10.708301,-42.788208
210,SDSS-II SN 13168,9.228642,-5.9787135,-78.30495
211,SDSS-II SN 13283,-22.723198,-41.88833,44.556892
212,SDSS-II SN 13291,-37.952225,-35.984215,17.26964
213,SDSS-II SN 13330,-12.871373,-62.47168,26.945965
214,SDSS-II SN 13344,-46.72494,-24.145012,-28.487507
215,SDSS-II SN 13395,-57.18987,11.88929,6.415203
216,SDSS-II SN 13404,-8.368251,-30.44567,4.0846243
217,SDSS-II SN 1342,11.47413,-38.918953,-0.19850141
218,SDSS-II SN 13440,-54.833187,-22.355265,30.941216
219,SDSS-II SN 13441,-46.26798,-29.90196,-52.949932
220,SDSS-II SN 13460,-33.93361,-30.146034,-17.137743
221,SDSS-II SN 13472,-49.7437,-55.321823,28.73852
222,SDSS-II SN 13487,-32.949585,-29.35144,-44.761284
223,SDSS-II SN 13492,-18.219257,-76.05139,-5.7850494
224,SDSS-II SN 13529,-43.216618,7.8470874,-37.64146
225,SDSS-II SN 13554,-25.484453,-13.980182,-33.61692
226,SDSS-II SN 13644,-55.14904,13.979059,53.016136
227,SDSS-II SN 13646,-32.740047,12.447432,-2.366162
228,SDSS-II SN 13675,-58.83505,-43.656116,-37.483696
229,SDSS-II SN 13699,-30.172926,-45.22026,24.260147
230,SDSS-II SN 13725,-24.868755,-3.7709897,53.801296
231,SDSS-II SN 13803,0.0754859,-21.430696,25.3797
232,SDSS-II SN 13813,-66.248474,-10.958649,11.247535
233,SDSS-II SN 13833,-14.092042,-46.44009,-69.22188
234,SDSS-II SN 13843,-0.17950968,-24.6977,-61.51991
235,SDSS-II SN 13864,-70.21879,-19.4991,-25.285555
236,SDSS-II SN 13931,-5.679468,-66.85147,-22.182808
237,SDSS-II SN 1395,-53.094135,-13.432392,5.7685485
238,SDSS-II SN 14054,-40.014065,-30.560806,44.172188
239,SDSS-II SN 14081,-28.134808,-28.184763,49.94253
240,SDSS-II SN 14113,-18.47818,-72.52248,-19.657043
241,SDSS-II SN 14258,-26.23775,-23.667719,-35.622475
242,SDSS-II SN 14260,-64.18127,-27.035725,-42.48609
243,SDSS-II SN 14311,-11.824964,-31.159523,-28.043968
244,SDSS-II SN 14347,-58.883347,-20.080605,-32.970093
245,SDSS-II SN 14361,-14.444023,-30.350111,-59.252983
246,SDSS-II SN 14375,-34.704433,-54.2509,-45.283253
247,SDSS-II SN 14400,-46.782516,-34.125908,33.486385
248,SDSS-II SN 14429,-53.624542,-22.125126,-14.620038
249,SDSS-II SN 14453,-11.882157,-10.547287,-75.00659
250,SDSS-II SN 14467,-59.888504,-2.9248276,-52.024906
251,SDSS-II SN 14493,11.161457,-32.827568,5.4222226
252,SDSS-II SN 14498,-8.910673,-84.76143,-31.187447
253,SDSS-II SN 14505,-15.510238,-39.765713,-77.146736
254,SDSS-II SN 14528,-26.262896,-5.1933703,-29.532894
255,SDSS-II SN 14617,-88.80687,-20.856825,6.137827
256,SDSS-II SN 1465,-42.443172,24.755735,43.75283
257,SDSS-II SN 1470,15.018601,-59.10438,-36.029602
258,SDSS-II SN 14821,-39.499714,-37.530907,-40.376495
259,SDSS-II SN 14964,-19.704582,6.883964,4.71329
260,SDSS-II SN 1500,-35.255062,-17.142403,-13.156271
261,SDSS-II SN 15046,-11.112482,-56.417034,40.719875
262,SDSS-II SN 15055,-35.741295,-53.486153,-10.667739
263,SDSS-II SN 15160,-29.183853,-68.516785,-17.072252
264,SDSS-II SN 15198,-58.455357,-4.9004917,-23.058817
265,SDSS-II SN 15239,0.18312882,-27.764427,-32.14236
266,SDSS-II SN 15272,-36.672024,-49.70258,19.553543
267,SDSS-II SN 15289,-26.82929,-10.755676,-54.192593
268,SDSS-II SN 15309,-17.841076,-46.964207,5.0099735
269,SDSS-II SN 1535,-3.232947,-70.54284,-35.541782
270,SDSS-II SN 15417,-45.50438,-52.860577,-20.618793
271,SDSS-II SN 15539,-22.12526,-39.316494,2.0514553
272,SDSS-II SN 15587,-65.99366,-35.169903,12.665634
273,SDSS-II SN 15751,-36.836025,-28.201239,-54.100582
274,SDSS-II SN 15793,-11.912326,-51.02643,-79.89482
275,SDSS-II SN 15903,6.8932004,-81.21293,-23.37462
276,SDSS-II SN 15914,-22.15882,29.774963,8.777708
277,SDSS-II SN 15944,-59.73377,-32.4537,-18.035181
278,SDSS-II SN 16091,-56.404762,-24.872883,-26.391441
279,SDSS-II SN 1622,-8.64112,-46.114483,-13.7424
280,SDSS-II SN 16412,-24.516304,51.569317,1.5696132
281,SDSS-II SN 16436,-32.47481,6.767238,-42.405727
282,SDSS-II SN 16455,5.015247,-50.614525,-35.31229
283,SDSS-II SN 16582,-11.337891,-65.38509,-39.99043
284,SDSS-II SN 16768,4.816002,-76.78885,1.3038884
285,SDSS-II SN 16838,-25.901876,44.22235,7.4605145
286,SDSS-II SN 16977,-22.776999,15.491643,27.379429
287,SDSS-II SN 17219,-24.913805,23.015093,-21.06633
288,SDSS-II SN 17303,-22.946693,-7.009927,22.625544
289,SDSS-II SN 17330,-45.75875,1.2311515,24.948425
290,SDSS-II SN 17396,23.846947,-61.99135,-43.403503
291,SDSS-II SN 17422,-81.48949,19.923567,30.718328
292,SDSS-II SN 17465,-53.6831,35.58023,31.11431
293,SDSS-II SN 17466,19.328516,-75.124756,-16.509245
294,SDSS-II SN 1750,-16.21739,-69.9673,-30.05354
295,SDSS-II SN 17508,-42.90741,-15.816299,-21.53579
296,SDSS-II SN 17539,-35.056816,43.385014,9.284713
297,SDSS-II SN 17542,-33.86392,3.6635935,-9.825184
298,SDSS-II SN 17620,16.268707,-69.99236,-21.573645
299,SDSS-II SN 17662,-34.633972,3.5153985,51.99224
300,SDSS-II SN 17667,-36.85493,-34.385124,-7.337325
301,SDSS-II SN 17682,-14.785098,-29.393713,-46.84549
302,SDSS-II SN 17729,-32.96341,-2.707564,61.145355
303,SDSS-II SN 1773,18.406563,-66.36329,-8.904226
304,SDSS-II SN 17748,-76.425156,-4.8102093,45.0367
305,SDSS-II SN 17789,-39.27626,20.756975,6.153931
306,SDSS-II SN 17816,-47.085155,21.215843,-62.118835
307,SDSS-II SN 17853,-44.95409,-56.631283,37.382545
308,SDSS-II SN 17894,-42.82857,-26.77094,24.498318
309,SDSS-II SN 17906,-67.56799,8.8025465,43.651924
310,SDSS-II SN 17928,-40.712395,-62.870064,17.069054
311,SDSS-II SN 17952,-49.509796,-33.96812,-14.782473
312,SDSS-II SN 17997,5.7700577,-58.407116,-70.68387
313,SDSS-II SN 18058,-30.938944,-36.412914,10.802699
314,SDSS-II SN 18067,-81.40858,-17.603315,15.930753
315,SDSS-II SN 18075,-11.345741,1.2956575,12.764585
316,SDSS-II SN 18077,-23.989403,-12.813453,61.613995
317,SDSS-II SN 18101,-17.339882,-23.72748,28.240194
318,SDSS-II SN 1821,3.8513262,-60.266754,-29.09386
319,SDSS-II SN 18226,-43.340218,63.828606,-174.48233
320,SDSS-II SN 18243,-55.35755,-33.75785,-30.749409
321,SDSS-II SN 18253,-17.75407,27.24423,-70.73226
322,SDSS-II SN 18273,-24.641161,-51.00866,-17.547468
323,SDSS-II SN 18276,-48.389923,-54.314117,-44.588352
324,SDSS-II SN 18301,-19.798157,-48.27459,-58.003242
325,SDSS-II SN 18331,-3.9212754,-32.07725,20.93879
326,SDSS-II SN 18376,-50.549934,32.74497,21.913446
327,SDSS-II SN 18387,1.2890434,186.69632,62.371193
328,SDSS-II SN 18405,-23.566868,-78.842735,-37.365833
329,SDSS-II SN 18454,2.0267224,-47.511738,-80.504326
330,SDSS-II SN 18479,-37.812683,-29.230986,-32.00947
331,SDSS-II SN 18593,-41.206337,10.436078,5.52013
332,SDSS-II SN 18598,-41.880466,-11.374735,11.959189
333,SDSS-II SN 18647,-65.25635,-11.9504795,-26.437323
334,SDSS-II SN 1866,-43.190594,-24.711853,-7.8803267
335,SDSS-II SN 18664,3.1536996,-57.729225,35.56382
336,SDSS-II SN 18743,4.1468096,-52.580162,25.454746
337,SDSS-II SN 18848,-15.456038,-12.855142,30.70972
338,SDSS-II SN 18898,-35.28492,37.896564,27.542545
339,SDSS-II SN 18917,-25.185926,-41.069714,-27.819813
340,SDSS-II SN 18935,-28.116768,-44.15879,-74.63203
341,SDSS-II SN 18943,-6.0267515,-35.569126,-9.510188
342,SDSS-II SN 18971,-39.099922,-49.875393,-27.134684
343,SDSS-II SN 18973,-3.0945745,-30.628109,-57.17511
344,SDSS-II SN 18983,-32.40897,18.145536,29.663748
345,SDSS-II SN 19059,-19.008553,-45.450188,-43.081886
346,SDSS-II SN 19189,-1.120084,-27.42356,-41.121258
347,SDSS-II SN 19209,-18.172758,-18.917831,-52.052227
348,SDSS-II SN 1921,-18.7509,-58.96847,-32.012074
349,SDSS-II SN 19344,6.9458647,-78.60424,-10.805169
350,SDSS-II SN 19399,-30.812223,-65.85081,-35.22986
351,SDSS-II SN 19428,-18.059368,-31.928513,30.129063
352,SDSS-II SN 19434,-11.491543,-68.002556,-9.556967
353,SDSS-II SN 19461,-32.227184,-68.50314,-5.131574
354,SDSS-II SN 19467,-47.238148,-43.861588,-38.664467
355,SDSS-II SN 19538,-40.56526,8.194095,15.986882
356,SDSS-II SN 19539,-45.261364,-41.05792,26.187834
357,SDSS-II SN 19683,-5.647141,-50.701004,15.257501
358,SDSS-II SN 19721,-27.273977,6.561614,38.441994
359,SDSS-II SN 19723,-42.202625,-12.649857,-30.103899
360,SDSS-II SN 19776,16.305656,-22.359049,-77.73373
361,SDSS-II SN 1980,-48.784626,5.871645,33.97872
362,SDSS-II SN 1982,-10.444539,-20.244799,31.178225
363,SDSS-II SN 1991,-26.892923,-61.623528,-16.446953
364,SDSS-II SN 19986,-24.697866,-27.114943,-80.47226
365,SDSS-II SN 19987,-1.1062796,-38.46227,-40.35577
366,SDSS-II SN 20216,-54.36653,3.2685833,42.74094
367,SDSS-II SN 20231,-4.1022453,-10.027324,-66.48512
368,SDSS-II SN 20251,-18.741295,-17.997751,22.857512
369,SDSS-II SN 20257,-12.487673,-10.66716,-51.752766
370,SDSS-II SN 20369,-31.765177,-37.135727,38.687214
371,SDSS-II SN 2041,-23.030008,-32.031815,11.075893
372,SDSS-II SN 20411,-19.871128,-23.774675,-71.87913
373,SDSS-II SN 2042,6.937856,-69.962135,-26.799585
374,SDSS-II SN 20467,-53.54445,-30.106773,23.441376
375,SDSS-II SN 20491,-66.81075,-32.20411,4.0266047
376,SDSS-II SN 20497,-22.152746,-17.458906,-27.03818
377,SDSS-II SN 20590,-34.6724,-35.594948,-26.370682
378,SDSS-II SN 20591,-13.941163,-47.35297,-33.38931
379,SDSS-II SN 20613,-15.116187,-58.94668,-55.535423
380,SDSS-II SN 20646,-13.847342,-50.284836,12.897356
381,SDSS-II SN 20721,-19.923788,-67.846275,1.439085
382,SDSS-II SN 2078,-14.260353,-15.844145,2.1373553
383,SDSS-II SN 20791,-21.775402,-65.816925,-7.8052917
384,SDSS-II SN 20805,5.872573,-36.440872,-4.6683097
385,SDSS-II SN 20820,-33.53381,17.184454,-65.797104
386,SDSS-II SN 20842,-16.855885,-55.06919,-42.713577
387,SDSS-II SN 20861,-20.630335,4.55793,13.619956
388,SDSS-II SN 20870,-18.979277,-53.603065,-7.367009
389,SDSS-II SN 20895,-18.668865,-51.866627,-25.472948
390,SDSS-II SN 20916,-15.016994,-39.571922,-47.41024
391,SDSS-II SN 2093,-43.187607,-4.859409,31.390923
392,SDSS-II SN 20953,-23.731855,-42.137455,-63.71243
393,SDSS-II SN 20956,-26.018286,-40.28301,30.718538
394,SDSS-II SN 20969,6.167248,-39.7221,-50.305805
395,SDSS-II SN 21081,-7.610447,-66.82118,19.94955
396,SDSS-II SN 21356,-42.648094,-41.765125,-54.09373
397,SDSS-II SN 21359,14.842534,-40.05018,11.572709
398,SDSS-II SN 21381,-42.90647,-18.128494,-50.80643
399,SDSS-II SN 2148,6.907476,-56.72877,-42.596127
400,SDSS-II SN 2149,-91.76586,-6.125219,14.3446045
401,SDSS-II SN 21553,-4.6650033,-44.77372,8.120603
402,SDSS-II SN 21709,-63.243324,-4.652791,3.6457033
403,SDSS-II SN 21711,-49.913334,-19.82834,10.737213
404,SDSS-II SN 2244,9.557855,-31.687569,-36.86677
405,SDSS-II SN 2325,-35.933834,-33.670544,28.023746
406,SDSS-II SN 2464,-28.291925,-55.832542,-3.93303
407,SDSS-II SN 2615,14.40328,-64.40427,-59.985157
408,SDSS-II SN 2630,-64.28882,-25.927347,-20.284397
409,SDSS-II SN 2808,-62.945885,-49.579388,1.6805967
410,SDSS-II SN 2912,-9.112885,-64.80289,-1.1924504
411,SDSS-II SN 3090,-26.353245,1.9231794,45.84564
412,SDSS-II SN 3196,4.656083,-30.908699,-71.95034
413,SDSS-II SN 3344,-36.483547,-53.326977,34.06482
414,SDSS-II SN 3368,-31.6622,-25.847372,-70.402794
415,SDSS-II SN 3417,-50.021133,23.96171,-13.538217
416,SDSS-II SN 3514,-58.056778,-40.858112,32.637543
417,SDSS-II SN 3529,-20.685102,-31.654654,48.18496
418,SDSS-II SN 3533,-64.87617,-50.267075,-9.134109
419,SDSS-II SN 3558,-31.876036,-12.260173,18.82136
420,SDSS-II SN 3565,-85.97569,34.86991,9.655957
421,SDSS-II SN 3983,-52.37544,-40.762444,-0.43053582
422,SDSS-II SN 4019,-57.122288,-25.58564,12.873631
423,SDSS-II SN 4044,-2.6919694,-0.53165686,-68.24615
424,SDSS-II SN 4104,-45.772434,20.052797,18.031858
425,SDSS-II SN 4129,-19.308516,-13.013814,-39.383854
426,SDSS-II SN 4181,-67.60927,-21.211775,9.534321
427,SDSS-II SN 4307,-81.24206,-5.0165796,16.020126
428,SDSS-II SN 4330,-17.287199,-51.384865,35.300293
429,SDSS-II SN 4375,-32.16471,-54.073425,43.86995
430,SDSS-II SN 4534,-35.225216,-53.278053,-63.876335
431,SDSS-II SN 4606,0.4268935,-34.171906,28.179321
432,SDSS-II SN 4888,6.127554,-24.85541,13.485335
433,SDSS-II SN 4906,-37.868088,3.3430023,23.340353
434,SDSS-II SN 4907,-49.42534,-0.43798554,-38.52232
435,SDSS-II SN 4966,-79.94388,-28.524635,23.726221
436,SDSS-II SN 4978,-33.88088,-58.827,-23.823053
437,SDSS-II SN 5001,-15.948618,22.928843,23.058342
438,SDSS-II SN 5235,-37.603466,-3.2160065,-34.374928
439,SDSS-II SN 5401,-31.040922,12.578329,-25.194517
440,SDSS-II SN 5468,-9.211829,-71.31777,44.12041
441,SDSS-II SN 5498,-17.088139,-12.709894,-62.83736
442,SDSS-II SN 5590,-37.409504,-20.42726,-61.150265
443,SDSS-II SN 5607,-0.47468403,-24.605732,-6.6348133
444,SDSS-II SN 5810,-7.373361,-3.0374916,-23.307926
445,SDSS-II SN 5890,-64.88034,21.531204,32.78408
446,SDSS-II SN 5959,-63.213604,-28.1605,49.595253
447,SDSS-II SN 5963,-58.72091,-32.488804,1.1584077
448,SDSS-II SN 6055,-86.13455,1.5410826,26.00947
449,SDSS-II SN 6289,-15.050217,-35.519966,16.250612
450,SDSS-II SN 6327,-35.5573,9.435947,31.770605
451,SDSS-II SN 6556,-31.799797,-44.877327,6.026832
452,SDSS-II SN 6560,-48.62226,-26.961912,1.6206397
453,SDSS-II SN 6618,-49.876072,-66.424934,2.1116889
454,SDSS-II SN 6714,6.0086513,-68.62353,24.152391
455,SDSS-II SN 6715,-39.937893,-66.98893,37.709007
456,SDSS-II SN 7024,-17.187874,-40.019844,-10.083194
457,SDSS-II SN 703,-48.91566,-5.7735047,-31.699257
458,SDSS-II SN 7039,-68.257576,36.109768,40.885986
459,SDSS-II SN 7121,-79.388275,-24.43828,10.024625
460,SDSS-II SN 7123,-65.40807,-18.048689,20.567686
461,SDSS-II SN 7233,-22.602888,19.95641,-35.129585
462,SDSS-II SN 7499,14.238828,-70.47997,-37.55597
463,SDSS-II SN 7636,-6.421432,-43.500298,-28.910088
464,SDSS-II SN 764,-43.01289,31.22527,32.88547
465,SDSS-II SN 7647,-26.440863,-20.040068,-46.2391
466,SDSS-II SN 7701,-52.09769,-33.10108,-61.137524
467,SDSS-II SN 7725,-14.540136,-39.5264,37.521538
468,SDSS-II SN 773,-35.17091,24.827427,-4.6096873
469,SDSS-II SN 801,-29.202492,-25.076763,38.338013
470,SDSS-II SN 8196,-18.432426,-56.05928,0.21106565
471,SDSS-II SN 8236,-27.8091,-3.3453279,-3.4607368
472,SDSS-II SN 8252,-2.0194442,-53.883434,-72.77685
473,SDSS-II SN 8721,-23.950266,-33.345394,20.022455
474,SDSS-II SN 8744,-53.732784,-0.8362389,29.561857
475,SDSS-II SN 904,-60.986393,1.2574974,34.689194
476,SDSS-II SN 9052,-80.94803,15.282944,15.247982
477,SDSS-II SN 917,-45.088017,26.485785,23.278183
478,SDSS-II SN 9250,-53.769547,29.688051,41.85312
479,SDSS-II SN 9326,87.78633,63.90021,6.6382174
480,SDSS-II SN 9424,-3.681748,-53.390675,-38.06515
481,SDSS-II SN 9632,-15.556671,-34.813286,-34.55971
482,SN2005fj,-48.87048,27.733225,0.7872297
483,SN2005gi,6.4974146,-79.7231,11.856186
484,SN2005jq,-43.641777,44.215103,17.512316
485,SN2005kq,-41.924713,7.761341,-23.221134
486,SN2005lo,-43.198906,-23.996916,-18.81263
487,SN2005ml,-44.643528,56.167294,6.7991514
488,SN2005mn,-1.1655777,-58.062866,-5.1651144
489,SN2005mp,-43.16573,-8.281075,21.19847
490,SN2006ft,-52.736504,22.215805,30.149769
491,SN2006gd,8.015206,-64.01342,-64.23948
492,SN2006ge,-23.364744,-52.921787,13.912912
493,SN2006gk,-11.181366,-27.472355,-37.222557
494,SN2006gl,-43.757824,-15.369833,-0.14816149
495,SN2006go,-24.336702,-32.590115,-65.42218
496,SN2006gp,1.7512441,-57.20135,-15.57318
497,SN2006gu,-50.776466,6.880359,21.758493
498,SN2006hj,-83.11455,-9.795305,9.378686
499,SN2006hk,-70.40827,4.1901183,11.676406
500,SN2006hm,-9.777524,-25.36889,-73.870346
501,SN2006hw,-55.94867,18.228218,-9.451045
502,SN2006jg,5.770427,-44.482983,-4.641547
503,SN2006jz,-74.14253,-9.23234,-0.00064227416
504,SN2006kd,-42.287933,12.922399,-16.39458
505,SN2006ks,-43.258755,-37.160137,-25.531301
506,SN2006ll,-37.95038,-34.406097,-62.40335
507,SN2006lq,-36.0775,-40.596413,-32.298664
508,SN2006mz,-45.095898,-46.47581,6.782059
509,SN2006nc,-58.36287,50.89832,8.053893
510,SN2006np,-52.322712,21.922775,6.067642
511,SN2006nt,-72.032394,-20.929901,-4.122965
512,SN2006nw,-61.274128,37.603977,2.5417833
513,SN2006op,-33.759384,-25.305067,-9.41334
514,SN2006oz,-34.99798,36.243206,17.945728
515,SN2006ph,-67.166664,-14.166773,1.0893068
516,SN2006pj,-51.19224,-11.046342,-19.810019
517,SN2006pm,-68.4856,-2.1419778,-1.1314498
518,SN2006pn,-53.811153,5.129829,13.003595
519,SN2006po,-25.35212,-53.051468,4.324878
520,SN2006pr,-43.228344,42.633495,6.924986
521,SN2006pu,-24.609842,26.103008,21.377047
522,SN2006qd,22.441147,53.14595,-45.236053
523,SN2006qh,-39.769398,-23.286648,2.5823247
524,SN2006sw,-45.070225,20.450361,-1.5695456
525,SN2006sx,-40.25739,3.1994483,-3.2743187
526,SN2007fr,-1.86745,-28.117817,-20.62151
527,SN2007gl,13.797286,-53.943993,-12.905581
528,SN2007hy,-50.634937,-3.4292886,-13.684521
529,SN2007jb,-30.770634,-30.381916,2.7892106
530,SN2007jj,-47.640034,11.907713,-0.3632299
531,SN2007jv,-15.966432,44.376995,8.112959
532,SN2007kb,-80.07792,-34.810402,-4.261557
533,SN2007kp,-74.07628,10.695556,14.320141
534,SN2007la,-57.17559,29.573814,8.562247
535,SN2007lf,-2.258064,-38.57154,-26.28178
536,SN2007lm,-49.261505,-52.850967,-6.1730065
537,SN2007ls,-60.79738,46.472614,-32.085922
538,SN2007lu,-73.61853,-20.526907,40.271366
539,SN2007mf,-61.86959,2.5909076,23.09539
540,SN2007mg,-73.721985,22.331001,7.987159
541,SN2007mu,-55.651222,-37.636475,-7.7448974
542,SN2007nx,-52.121742,24.817022,51.239727
543,SN2007oa,-57.827305,-41.55141,-18.928507
544,SN2007oy,-23.921947,-37.495167,-38.981888
545,SN2007pf,-42.81939,53.172184,14.791912
546,SN2007pg,-37.79513,49.99702,1.749214
547,SN2007pr,-19.213036,-59.9986,-16.71175
548,SN2007ps,-52.029922,6.268289,-36.106762
549,SN2007py,-29.199478,-49.85878,-27.397085
550,SN2007qa,-51.563747,40.648796,-1.1142303
551,SN2007qd,-32.76707,16.931896,20.101603
552,SN2007qj,-67.09297,9.916898,1.0278434
553,SN2007qs,-56.0924,11.65324,-3.2496405
554,SN2007qu,-66.07401,20.491585,-6.4057794
555,SN2007rg,-53.11013,1.169536,-20.91229
556,SN2007rn,-56.51933,-8.185951,10.947497
557,SN2007rq,-49.17592,-4.9622946,-2.3596706
558,SN2007sl,-34.410915,40.37696,-0.5724684
559,SN2007tt,-20.569431,-29.945902,-39.750645
560,SDSS-II SN 10480,-5.608229,-52.30829,-24.014654
561,SDSS-II SN 13147,-6.7826166,-49.26807,-53.813374
562,SDSS-II SN 13483,-17.058334,-46.564217,22.7174
563,SDSS-II SN 13820,-70.30486,4.0003667,-22.847795
564,SDSS-II SN 1385,-29.211634,-25.693762,20.166485
565,SDSS-II SN 13991,29.829752,-51.945873,14.718702
566,SDSS-II SN 14121,-42.813496,-18.073816,48.6591
567,SDSS-II SN 14262,-33.974613,-24.609255,57.919533
568,SDSS-II SN 14415,3.48373,-38.916557,17.576263
569,SDSS-II SN 14635,-59.031475,-34.667515,40.290638
570,SDSS-II SN 14833,-10.353655,-29.41289,33.54173
571,SDSS-II SN 15268,-48.40377,-42.229523,45.360195
572,SDSS-II SN 15358,-8.722241,7.0442724,1.6064059
573,SDSS-II SN 15360,-2.8364139,-35.796944,41.38521
574,SDSS-II SN 15418,-1.311289,-11.84053,-81.09777
575,SDSS-II SN 15814,-54.172943,-20.74516,-52.461357
576,SDSS-II SN 16103,-83.273285,-6.935731,-22.231457
577,SDSS-II SN 17317,-47.23259,-32.51848,-5.3431673
578,SDSS-II SN 17337,-37.484814,-19.319838,22.51422
579,SDSS-II SN 17585,-13.636452,12.365221,15.627371
580,SDSS-II SN 17925,-58.341236,3.990666,-27.68804
581,SDSS-II SN 17958,-82.06409,22.84343,-22.675026
582,SDSS-II SN 18266,-48.138428,23.92441,65.809044
583,SDSS-II SN 18360,-8.245954,-44.45793,-1.1986629
584,SDSS-II SN 18585,-32.697067,34.732376,-23.565348
585,SDSS-II SN 18589,-8.264806,14.157979,-64.00529
586,SDSS-II SN 18718,7.273381,-68.43769,-45.74129
587,SDSS-II SN 18836,-19.7584,-66.33825,-48.681652
588,SDSS-II SN 18914,-24.426132,7.694485,22.289127
589,SDSS-II SN 18970,-19.30925,-1.1336174,41.34513
590,SDSS-II SN 18986,-17.180576,1.9190733,28.736904
591,SDSS-II SN 18993,11.613156,-15.287546,-86.53109
592,SDSS-II SN 19052,-18.438671,-7.8963737,-19.110842
593,SDSS-II SN 19212,-52.85674,-7.2475557,43.310505
594,SDSS-II SN 19465,-59.422234,-25.170856,-7.867649
595,SDSS-II SN 19582,1.6348647,-85.14269,-34.761852
596,SDSS-II SN 19751,-68.99627,24.803614,-14.60077
597,SDSS-II SN 19848,-48.369194,2.176688,-27.387997
598,SDSS-II SN 20324,-59.598904,-17.754557,1.5923
599,SDSS-II SN 20408,-49.448833,-35.52839,12.520612
600,SDSS-II SN 2128,-6.275722,-55.874054,-64.78964
601,SDSS-II SN 21874,68.19665,-88.59103,-55.09792
602,SDSS-II SN 2401,-11.342596,-60.72816,12.92811
603,SDSS-II SN 2620,-53.066807,-4.6393843,20.51118
604,SDSS-II SN 2621,-32.38174,-16.98618,-2.4294157
605,SDSS-II SN 3294,-58.37811,-10.516789,30.299545
606,SDSS-II SN 4062,-9.616494,-3.8800642,23.50077
607,SDSS-II SN 6136,15.027814,-77.33577,-28.989082
608,SDSS-II SN 6889,-38.4993,-0.5444153,5.821961
609,SDSS-II SN 706,-25.217073,-24.366854,-7.863538
610,SDSS-II SN 7762,3.6600783,-48.718647,-65.994225
611,SDSS-II SN 8092,-9.10911,-72.11726,25.570038
612,SDSS-II SN 9132,-19.67886,3.149778,-11.986181
613,SN2005fb,-86.20846,10.708718,11.316979
614,SN2005ga,-56.491604,41.686794,-9.626596
615,SN2005gd,-46.964535,47.973515,-13.574508
616,SN2005gp,-60.749752,-8.623594,-6.5608797
617,SN2005hs,-34.196674,-42.34424,-20.672453
618,SN2005hz,-33.494137,17.890154,-14.629818
619,SN2005ij,-69.56241,34.06319,4.578315
620,SN2005kp,-49.900463,48.549206,9.304845
621,SN2006eb,-43.883762,38.42466,-0.57605356
622,SN2006fn,-46.737007,10.221095,11.52467
623,SN2006gv,-43.27695,18.618923,-10.260357
624,SN2006ki,-85.09837,-9.455831,-2.1074328
625,SN2006kw,-70.71078,43.64422,24.622847
626,SN2007ia,-14.984753,5.2825546,-20.922346
627,SN2007lw,-75.356316,-10.65386,29.676067
628,SN2007nz,3.8454592,-13.2446375,-69.70821
629,SN2007ol,-35.67054,59.77835,3.3442316
630,SN2007sh,-35.66055,52.842926,11.595809
631,SN2008am,1.3106608,-60.71865,16.375034
632,SDSS-II SN 1115,23.383472,-25.989235,-35.20718
633,SDSS-II SN 12852,38.95788,-27.725988,-74.46496
634,SDSS-II SN 13058,21.540003,-10.388245,-34.947037
635,SDSS-II SN 13329,30.920319,22.074905,-36.97741
636,SDSS-II SN 13339,0.24837235,5.0234027,-26.799618
637,SDSS-II SN 1378,-0.2667186,0.15139121,-37.47286
638,SDSS-II SN 13839,50.59385,-23.292574,51.097298
639,SDSS-II SN 13971,18.096773,19.74864,-35.765274
640,SDSS-II SN 14231,18.158514,20.123531,-14.9551735
641,SDSS-II SN 14933,27.006042,-30.609327,-20.321201
642,SDSS-II SN 15448,68.03779,-36.60857,24.997528
643,SDSS-II SN 15454,16.708117,-7.3452764,-59.550854
644,SDSS-II SN 15942,56.739006,-22.82715,3.980827
645,SDSS-II SN 16739,47.758575,5.719372,42.120136
646,SDSS-II SN 17272,3.5379333,13.33919,20.310026
647,SDSS-II SN 17373,-7.1252284,24.626404,-15.230951
648,SDSS-II SN 1782,7.145169,-4.2535176,50.929546
649,SDSS-II SN 18824,24.711843,-1.9424976,-85.26812
650,SDSS-II SN 18979,13.849405,-11.04949,19.80351
651,SDSS-II SN 18990,-0.14193667,-10.921843,-16.707779
652,SDSS-II SN 19042,4.997399,4.938567,34.28292
653,SDSS-II SN 19065,44.697964,-36.106472,-57.158066
654,SDSS-II SN 19137,18.130533,10.17215,-29.047739
655,SDSS-II SN 1919,-37.817513,8.310607,70.60046
656,SDSS-II SN 19640,23.302868,-0.9513389,-36.448093
657,SDSS-II SN 19778,25.14969,22.198135,-48.18428
658,SDSS-II SN 20603,42.25553,-42.388466,3.396497
659,SDSS-II SN 20874,11.546278,2.946475,-41.307785
660,SDSS-II SN 2118,6.360431,16.610668,7.0530653
661,SDSS-II SN 21402,20.669552,-14.474422,-54.58408
662,SDSS-II SN 2766,-3.9866571,73.86015,-14.113364
663,SDSS-II SN 3050,18.438242,-3.0748816,-6.1653037
664,SDSS-II SN 5392,12.5089245,9.3981695,-22.243732
665,SDSS-II SN 5669,7.145745,-1.2693409,20.464201
666,SDSS-II SN 5806,-19.606014,29.808437,-10.396175
667,SDSS-II SN 8280,29.551216,-15.712898,7.336623
668,SDSS-II SN 9562,19.37217,0.7985288,-24.16928
669,SN2005ed,26.098812,-53.21198,56.909756
670,SN2005fa,47.15103,43.104973,64.846
671,SN2005fm,7.1024218,82.91473,22.94051
672,SN2005hj,-8.177746,72.038574,54.75644
673,SN2005hl,35.39511,-35.797718,-49.826496
674,SN2005hn,-11.71769,53.17599,-11.60246
675,SN2005hr,8.283666,79.35816,34.806202
676,SN2005jp,40.090107,-39.280113,15.084917
677,SN2005ld,0.11886642,75.930305,25.9366
678,SN2005le,62.14595,2.2858129,15.539453
679,SN2006V,26.707993,-14.525388,-60.68194
680,SN2006au,37.665848,-26.726606,-55.19849
681,SN2006fd,-6.098925,57.360172,-25.521832
682,SN2006fy,-6.17117,81.86708,21.79058
683,SN2006hl,7.467141,70.13868,27.552242
684,SN2006ht,-9.215672,66.64975,-28.984133
685,SN2006hx,7.144984,70.09734,60.06058
686,SN2006ji,9.045138,48.628746,32.851765
687,SN2006lc,81.56774,-30.540598,-11.355248
688,SN2006oa,-12.878423,62.74855,58.752213
689,SN2006ob,-67.17861,-28.113327,30.005867
690,SN2006oc,55.526688,-4.323583,-0.7972141
691,SN2006oj,1.0615891,27.021425,52.75862
692,SN2006ps,-17.234638,65.05886,43.45939
693,SN2006qq,31.652592,-6.9883304,16.175531
694,SN2007gt,19.79534,-38.24809,-36.16116
695,SN2007ht,10.153821,-9.110066,-36.608723
696,SN2007hx,16.990734,75.38763,36.403095
697,SN2007ic,-8.17272,64.73395,40.192337
698,SN2007jk,37.81821,33.19153,-20.497406
699,SN2007kl,63.17749,11.712575,34.896317
700,SN2007lg,-7.761318,52.09085,30.284203
701,SN2007ma,-6.9444633,69.791885,29.539938
702,SN2007mb,40.168316,20.574135,24.457964
703,SN2007nd,40.808437,5.7430587,48.54775
704,SN2007nf,8.196874,-4.5943723,-27.42339
705,SN2007px,-3.3873827,72.348114,37.32701
706,SN2007pz,4.525849,55.136963,-30.936274
707,SN2007ql,18.62499,43.034077,23.846264
708,SN2007qt,33.847683,26.51774,10.555982
709,SN2007ra,-3.4204614,61.180603,31.355612
710,SN2007se,-120.87445,-49.721912,-28.757607
711,SN2008J,57.09764,-50.253418,-29.786299
712,SN2013bh,-16.08736,57.558533,76.984924
713,SDSS-II SN 16142,7.8440185,-44.704884,62.975845
714,SDSS-II SN 18321,35.99485,-36.247974,55.40036
715,SDSS-II SN 2632,43.46555,-47.717766,43.182095
716,SDSS-II SN 6075,19.052317,1.6092497,-71.75232
717,SN2005fr,47.101997,-0.08845511,56.731556
718,SN2005gf,32.140945,31.294569,18.79037
719,SN2005if,3.1438134,63.498253,-26.206413
720,SN2007kw,22.477495,-13.20839,16.61493
721,SN2007lz,-13.15276,20.541845,47.78335
722,SDSS-II SN 10299,47.08275,4.7576857,22.038565
723,SDSS-II SN 11092,73.20936,31.031921,-8.551517
724,SDSS-II SN 1164,16.644732,-11.337132,44.521614
725,SDSS-II SN 13131,-7.16498,58.159355,-58.2785
726,SDSS-II SN 13413,-27.793562,55.91622,-44.88122
727,SDSS-II SN 14137,39.06523,12.580236,-21.371786
728,SDSS-II SN 14304,46.06365,-0.5129704,-46.22838
729,SDSS-II SN 14455,46.27297,8.25394,-26.65502
730,SDSS-II SN 14470,45.01054,41.11407,47.469513
731,SDSS-II SN 14499,29.267473,3.598082,-59.280174
732,SDSS-II SN 15696,0.009195689,40.230335,-71.815
733,SDSS-II SN 16172,47.105236,-15.731498,-15.963445
734,SDSS-II SN 16199,65.04705,-1.5080963,-48.098152
735,SDSS-II SN 1631,24.194183,-16.594975,-6.1623745
736,SDSS-II SN 16433,34.805786,6.9578347,-15.327002
737,SDSS-II SN 16603,2.4969373,28.886518,22.870195
738,SDSS-II SN 17703,-3.6499736,90.49442,-3.916841
739,SDSS-II SN 17739,30.961508,-1.6959206,-18.58725
740,SDSS-II SN 17777,15.56455,-5.5655794,5.5654125
741,SDSS-II SN 17910,11.155149,2.514249,4.328713
742,SDSS-II SN 18324,45.305298,43.184917,-9.079553
743,SDSS-II SN 18447,-8.398278,30.940989,0.6848207
744,SDSS-II SN 18733,39.295803,-0.7479816,-24.239748
745,SDSS-II SN 18831,31.928974,-7.2001367,-41.25154
746,SDSS-II SN 18978,3.415157,22.941586,68.9451
747,SDSS-II SN 1903,10.270399,26.584177,-29.618061
748,SDSS-II SN 19319,21.037264,4.4657884,2.4191854
749,SDSS-II SN 19332,-5.32031,25.855637,-43.989857
750,SDSS-II SN 19769,61.057922,-24.447016,-6.7243047
751,SDSS-II SN 20046,50.383877,-2.9553766,32.133076
752,SDSS-II SN 20104,19.103891,32.84045,-57.428196
753,SDSS-II SN 20295,38.544235,-2.364581,-11.044821
754,SDSS-II SN 20925,18.213823,-20.318302,4.8033953
755,SDSS-II SN 2468,39.942516,-17.227694,13.533872
756,SDSS-II SN 2734,49.139942,19.585598,62.22312
757,SDSS-II SN 3118,24.729362,21.352009,55.914875
758,SDSS-II SN 3205,61.638752,36.491486,28.444971
759,SDSS-II SN 3508,34.05378,20.428675,-62.646225
760,SDSS-II SN 4322,-12.13707,21.882584,35.167355
761,SDSS-II SN 5339,54.02703,-14.481658,-51.228035
762,SDSS-II SN 5858,-22.014086,64.24768,-16.808048
763,SDSS-II SN 5877,57.410664,0.031251267,-55.35654
764,SDSS-II SN 6282,41.26024,-3.4127898,-32.278946
765,SDSS-II SN 7017,33.50814,2.338288,7.435076
766,SDSS-II SN 7099,27.469389,2.7949734,50.536552
767,SDSS-II SN 7357,45.155304,13.601975,-38.84066
768,SDSS-II SN 7417,-8.946564,37.426693,36.29268
769,SDSS-II SN 7802,18.411087,-12.365133,34.899876
770,SDSS-II SN 7864,9.852528,30.962963,18.386457
771,SDSS-II SN 8555,49.18203,22.53632,10.507869
772,SDSS-II SN 13629,30.349222,-61.3212,34.3871
773,SN2005ei,70.76921,23.218353,19.72633
774,SN2005em,55.557964,35.24421,-15.280554
775,SN2005gb,34.092552,74.035965,4.4171634
776,SN2005hk,62.76899,27.260773,-20.650312
777,SN2005hv,2.200123,-26.805182,61.04657
778,SN2005hy,4.5025883,62.858414,11.572131
779,SN2005ir,30.17553,71.360916,16.55961
780,SN2005jr,-2.7779446,33.1204,67.67861
781,SN2005kj,-3.0059116,14.766938,46.07926
782,SN2005kr,62.55938,-11.057244,-13.724049
783,SN2006eq,66.807655,40.814636,-36.520355
784,SN2006fc,15.0242,41.582314,-8.777006
785,SN2006fh,78.474594,33.34502,-18.780827
786,SN2006fm,14.412113,70.14725,15.320439
787,SN2006fz,22.726704,56.25878,-5.4194226
788,SN2006gn,32.85512,56.516167,16.12084
789,SN2006iz,-19.464912,69.61588,3.027059
790,SN2006jq,2.1569288,76.128494,10.2817135
791,SN2006jt,20.818613,79.54593,16.191683
792,SN2006ls,21.402445,72.849266,10.844016
793,SN2006mn,58.37197,-6.1095085,-64.247955
794,SN2006mw,91.297676,-2.5384347,-5.4779744
795,SN2006ne,81.69792,-4.3634562,-19.373056
796,SN2006pl,-3.737691,27.819235,17.797968
797,SN2006pp,48.17025,-196.78694,-62.65564
798,SN2007hz,-0.67773116,68.828445,13.177859
799,SN2007ix,8.949791,14.365305,41.593533
800,SN2007jd,4.848918,36.495193,0.5961546
801,SN2007jg,47.603317,60.781918,1.856463
802,SN2007jo,21.737202,23.616346,31.956003
803,SN2007jt,5.78722,43.115513,42.66886
804,SN2007ju,27.465107,72.77771,25.125355
805,SN2007ks,16.457067,61.398716,-6.4446044
806,SN2007lq,13.178613,39.191776,68.1259
807,SN2007mh,5.8930955,50.775932,14.3988285
808,SN2007mi,13.586298,53.478767,-2.7385557
809,SN2007mm,72.065544,7.2265043,-26.208473
810,SN2007mn,45.484837,76.33954,30.959736
811,SN2007oi,45.422157,-9.9484415,5.5175757
812,SN2007pt,7.8995953,40.85297,-6.465266
813,SN2007pu,43.859642,73.12104,8.80229
814,SN2007pv,15.255854,37.825127,-35.12481
815,SN2007qi,17.232489,12.842848,60.800053
816,SN2007rk,41.39852,-21.615805,-11.917064
817,SN2008ax,65.966194,-10.062815,-23.222767
818,SN2009N,32.490864,-18.245481,-14.012104
819,SN2010gx,-26.317522,41.784725,36.848915
820,SDSS-II SN 10559,48.418037,0.31031877,-16.009186
821,SDSS-II SN 18399,5.768544,6.8446293,-1.6458454
822,SN2005gw,72.531075,24.242468,37.10951
823,SN2005ht,8.763235,29.684242,-7.286388
824,SN2005ii,57.190468,15.179802,12.278779
825,SN2005ja,53.530373,-29.06688,34.95298
826,SN2005jc,31.398363,38.746666,51.82375
827,SN2005jn,51.680164,18.01436,40.940742
828,SN2005js,65.03476,0.26749802,-31.300262
829,SN2005jw,53.984863,-53.26746,5.2262883
830,SN2005mi,-2.2765052,21.234531,27.30756
831,SN2007lj,17.120157,4.5631747,67.98801
832,SN2007pi,44.45208,-25.733479,-6.256323
833,SDSS-II SN 10054,38.56741,-35.50985,-1.1202451
834,SDSS-II SN 10113,40.612755,25.015713,-33.252495
835,SDSS-II SN 1024,27.76991,-14.963726,27.547619
836,SDSS-II SN 10324,22.953793,20.678509,-20.88883
837,SDSS-II SN 1109,33.151455,-29.101952,-9.96614
838,SDSS-II SN 1113,12.266893,-1.9605191,35.071095
839,SDSS-II SN 12804,14.613795,58.644207,15.481154
840,SDSS-II SN 12895,-19.242102,79.45581,26.797842
841,SDSS-II SN 12941,47.59853,-20.391577,31.339659
842,SDSS-II SN 12978,13.183182,25.675909,41.844627
843,SDSS-II SN 13009,8.110476,36.437744,-41.59005
844,SDSS-II SN 10345,37.902287,-71.76955,15.739601
845,SDSS-II SN 13016,50.927837,21.250504,30.838602
846,SDSS-II SN 13027,29.583824,-27.05772,3.632742
847,SDSS-II SN 13144,-0.1139759,28.06505,42.37178
848,SDSS-II SN 13269,1.6015602,4.16187,10.420104
849,SDSS-II SN 13323,55.61571,6.6422563,16.727388
850,SDSS-II SN 13411,42.746944,7.565466,71.45927
851,SDSS-II SN 13491,15.60903,-7.6630335,-47.347843
852,SDSS-II SN 13566,7.102344,-22.140623,46.82406
853,SDSS-II SN 13589,12.232578,4.199407,13.586301
854,SDSS-II SN 13689,8.152703,32.509445,53.34456
855,SDSS-II SN 13703,43.79955,33.49913,21.386644
856,SDSS-II SN 13768,62.303097,3.5304527,7.7839904
857,SDSS-II SN 13842,34.59954,-41.7286,-22.001183
858,SDSS-II SN 13859,40.66431,-16.230621,34.5554
859,SDSS-II SN 13909,27.377989,13.425501,64.8681
860,SDSS-II SN 1409,28.47875,-3.7765493,-65.40631
861,SDSS-II SN 14172,-27.59087,54.405613,-34.457058
862,SDSS-II SN 14209,-36.20707,78.97101,-4.0991554
863,SDSS-II SN 14232,-14.636088,33.681408,47.466896
864,SDSS-II SN 14305,44.79684,12.118962,17.156425
865,SDSS-II SN 14309,-27.75089,56.288418,38.393734
866,SDSS-II SN 14334,-27.395638,73.89602,17.479584
867,SDSS-II SN 14343,34.734528,17.584915,-16.148556
868,SDSS-II SN 14426,26.242786,-2.8991032,-7.993352
869,SDSS-II SN 14438,74.758095,4.087783,43.473423
870,SDSS-II SN 14444,-15.033723,49.760178,-27.68266
871,SDSS-II SN 14452,44.086876,30.333107,30.104244
872,SDSS-II SN 14463,16.056503,24.848509,5.796362
873,SDSS-II SN 14540,-0.7453324,46.998417,-3.2161274
874,SDSS-II SN 14661,22.758604,3.5440974,-45.685616
875,SDSS-II SN 14744,36.256752,-21.187067,-3.7359688
876,SDSS-II SN 14750,28.689323,14.047527,-2.8340328
877,SDSS-II SN 14784,37.156574,32.5268,-33.230606
878,SDSS-II SN 14888,43.818115,18.569492,-46.453476
879,SDSS-II SN 15137,46.28793,32.441998,-23.434597
880,SDSS-II SN 15286,4.0529904,50.148052,-22.13496
881,SDSS-II SN 15314,-18.052214,24.996986,69.51959
882,SDSS-II SN 15357,38.40647,37.306213,-7.6345673
883,SDSS-II SN 15413,25.187286,-36.226425,-10.940464
884,SDSS-II SN 15419,29.266218,24.300938,-24.739164
885,SDSS-II SN 15489,6.233015,11.296598,-36.63323
886,SDSS-II SN 15496,19.321295,18.324015,49.540794
887,SDSS-II SN 15511,55.254887,-6.7649574,12.844351
888,SDSS-II SN 15522,7.1782417,-2.1237893,-18.605476
889,SDSS-II SN 15606,-6.4848433,12.676541,68.97338
890,SDSS-II SN 15647,23.527277,-27.999853,-48.67197
891,SDSS-II SN 15675,35.765366,20.457314,1.037417
892,SDSS-II SN 15692,37.47279,-3.9797397,42.3188
893,SDSS-II SN 15755,34.51705,17.04386,12.736049
894,SDSS-II SN 15777,56.415134,29.767277,-31.962057
895,SDSS-II SN 15784,44.935406,36.463394,-34.211197
896,SDSS-II SN 15827,23.437199,-43.018932,30.100883
897,SDSS-II SN 14118,16.415634,-38.970497,-20.821358
898,SDSS-II SN 15829,43.658268,10.504215,-2.0841544
899,SDSS-II SN 15850,36.53101,36.496628,39.08861
900,SDSS-II SN 15860,48.836426,12.503299,54.00536
901,SDSS-II SN 15884,26.239283,23.28316,-5.9995217
902,SDSS-II SN 15935,60.40953,-32.43248,4.7406707
903,SDSS-II SN 16111,45.58431,8.953785,7.3820252
904,SDSS-II SN 16148,1.9598306,25.364447,9.9934845
905,SDSS-II SN 16200,1.722349,5.871605,51.129585
906,SDSS-II SN 16220,40.74721,9.275165,-45.000393
907,SDSS-II SN 16237,42.512947,20.690252,-18.234705
908,SDSS-II SN 16302,16.214388,18.345612,67.87327
909,SDSS-II SN 1656,6.8085184,-5.32034,-0.9080669
910,SDSS-II SN 16572,28.894602,13.458981,4.566677
911,SDSS-II SN 1658,63.797306,2.58779,23.38543
912,SDSS-II SN 17324,42.49412,7.723789,-56.334946
913,SDSS-II SN 17436,-13.196132,20.10411,78.6747
914,SDSS-II SN 17509,-37.30932,15.665838,64.70133
915,SDSS-II SN 17641,28.391449,1.4576145,-29.505354
916,SDSS-II SN 17647,36.933163,5.314324,34.154373
917,SDSS-II SN 17683,35.57338,-29.512949,-18.900295
918,SDSS-II SN 17695,55.560932,6.040256,-38.574844
919,SDSS-II SN 17696,20.139458,-2.4670422,23.294329
920,SDSS-II SN 17818,24.145956,7.8413076,-65.95809
921,SDSS-II SN 17820,54.629757,18.30952,-38.119995
922,SDSS-II SN 17837,-24.062008,43.99198,52.87273
923,SDSS-II SN 17854,-22.330835,12.4328375,68.33725
924,SDSS-II SN 17860,-14.697125,-14.792783,78.42906
925,SDSS-II SN 17882,11.420709,8.410312,29.405487
926,SDSS-II SN 17899,59.463326,-8.693811,49.750042
927,SDSS-II SN 17909,38.067326,54.113827,-11.061327
928,SDSS-II SN 18079,16.618433,-13.508879,-1.8915094
929,SDSS-II SN 1810,-28.043114,48.800064,-21.995522
930,SDSS-II SN 1823,17.215229,34.52019,25.185347
931,SDSS-II SN 18374,26.509144,42.458984,-10.8164425
932,SDSS-II SN 18425,0.69229555,-1.3297365,83.83676
933,SDSS-II SN 18704,38.02617,45.341454,-55.10788
934,SDSS-II SN 18814,-4.984372,30.774487,-31.000187
935,SDSS-II SN 18941,24.968267,-18.519539,36.412388
936,SDSS-II SN 19000,41.247307,11.774618,28.641577
937,SDSS-II SN 19205,45.81336,1.494979,0.067484744
938,SDSS-II SN 19322,20.813726,40.702057,-45.979034
939,SDSS-II SN 19408,4.817386,-9.203142,-48.348743
940,SDSS-II SN 19424,48.151913,-28.869799,-22.964796
941,SDSS-II SN 19449,33.75001,2.924879,-4.917133
942,SDSS-II SN 19468,21.5893,-55.222485,-0.90035427
943,SDSS-II SN 19575,-0.6552091,22.859613,-1.4931864
944,SDSS-II SN 19636,57.38942,-0.29880694,40.74575
945,SDSS-II SN 1975,-1.3683316,4.5384235,25.022572
946,SDSS-II SN 20033,51.75008,3.7278934,-4.478214
947,SDSS-II SN 20043,4.194834,47.415,-34.311703
948,SDSS-II SN 20090,26.23064,22.645325,8.340379
949,SDSS-II SN 20171,49.317566,10.115956,-47.484005
950,SDSS-II SN 20505,19.03553,-23.552435,-4.333808
951,SDSS-II SN 2063,17.035416,-24.780294,34.316353
952,SDSS-II SN 20727,29.262466,-16.472937,-38.738823
953,SDSS-II SN 20860,21.971571,-1.471646,12.848661
954,SDSS-II SN 20928,26.528194,-10.190556,-49.968666
955,SDSS-II SN 20968,-34.523216,60.751244,-29.547728
956,SDSS-II SN 20990,8.896535,-23.981224,-18.82304
957,SDSS-II SN 20998,58.702236,-13.92884,-4.0750895
958,SDSS-II SN 21407,62.011036,-12.206384,19.372606
959,SDSS-II SN 2306,48.612858,-33.45867,-4.263633
960,SDSS-II SN 2319,13.305935,49.90448,24.11559
961,SDSS-II SN 2423,-38.54847,41.531654,56.60536
962,SDSS-II SN 2537,69.88643,-16.054842,-14.386237
963,SDSS-II SN 2538,34.025887,-31.4457,32.75533
964,SDSS-II SN 2545,-3.3000731,37.188904,-55.019333
965,SDSS-II SN 2746,-0.821084,1.2541562,41.579422
966,SDSS-II SN 2855,60.101948,25.081903,45.75125
967,SDSS-II SN 2926,30.248726,-20.181221,61.074596
968,SDSS-II SN 3068,11.739687,12.052949,-46.988224
969,SDSS-II SN 3077,43.123,30.284674,7.0704074
970,SDSS-II SN 3175,34.315388,-5.6989064,33.06103
971,SDSS-II SN 3184,-12.16035,7.5189476,59.07386
972,SDSS-II SN 3506,21.02699,36.0477,70.45069
973,SDSS-II SN 3881,21.035645,62.40761,-33.684803
974,SDSS-II SN 3897,-15.620639,46.810383,40.93641
975,SDSS-II SN 3908,24.800701,-9.972625,-23.69893
976,SDSS-II SN 4048,44.145626,-26.54173,2.7029932
977,SDSS-II SN 4236,41.016228,-19.822113,-36.233883
978,SDSS-II SN 4397,37.883476,-25.133541,24.146492
979,SDSS-II SN 4484,-20.31881,80.05699,-20.842375
980,SDSS-II SN 4627,-19.969984,60.675415,27.298983
981,SDSS-II SN 4640,-30.757526,28.491972,60.0224
982,SDSS-II SN 4664,55.493206,-40.163185,-11.262588
983,SDSS-II SN 4669,74.13882,-38.34641,7.842943
984,SDSS-II SN 5552,-16.804724,84.71878,6.0019703
985,SDSS-II SN 5702,15.891378,6.434095,53.40483
986,SDSS-II SN 5735,66.476204,-6.1188745,-3.884398
987,SDSS-II SN 5802,37.082466,32.7826,-47.614845
988,SDSS-II SN 5917,17.787851,37.25766,-20.099695
989,SDSS-II SN 6502,10.919487,-11.756083,72.61102
990,SDSS-II SN 6520,51.824276,-20.078259,-9.05927
991,SDSS-II SN 6535,30.290754,12.618149,-39.56167
992,SDSS-II SN 6709,24.855417,-21.786154,-14.060923
993,SDSS-II SN 6851,34.105537,-15.581977,21.246931
994,SDSS-II SN 6854,-12.081455,9.498704,49.51356
995,SDSS-II SN 6973,36.024345,-8.657045,-0.9371661
996,SDSS-II SN 716,-16.500353,34.080585,-25.36738
997,SDSS-II SN 7205,-0.30133066,11.569891,-15.507531
998,SDSS-II SN 7231,-1.5919403,43.217968,-25.277925
999,SDSS-II SN 7304,21.12112,-2.6732733,55.076904
1000,SDSS-II SN 7444,57.961197,-12.489159,6.272423
1001,SDSS-II SN 8127,16.198166,4.0647664,-56.272285
1002,SDSS-II SN 822,1.077858,19.328442,-27.526937
1003,SDSS-II SN 8297,33.79262,44.104603,-18.030731
1004,SDSS-II SN 841,24.173296,35.486744,-24.48771
1005,SDSS-II SN 859,23.371773,9.035991,-13.68255
1006,SDSS-II SN 8742,27.014639,4.1286077,39.32693
1007,SDSS-II SN 9109,15.445446,40.135628,51.197906
1008,SDSS-II SN 9954,22.923029,25.098167,23.09736
1009,SN1000+0216,64.51963,-48.381744,-27.69656
1010,SN2005gj,26.264402,-23.599829,21.797354
1011,SN2005hm,57.981533,19.895508,-7.5666876
1012,SN2005in,15.811583,45.16833,16.722698
1013,SN2005iv,14.20205,16.30825,-3.3805778
1014,SN2005jm,21.648737,29.562086,15.066391
1015,SN2005ju,57.22527,4.361126,47.510723
1016,SN2005jx,6.6460056,-15.620085,-6.7064767
1017,SN2005lb,31.718176,-8.312091,-29.882359
1018,SN2005lc,25.822758,-24.825653,-56.80437
1019,SN2005mj,-28.19691,44.32508,44.64276
1020,SN2006aa,-13.867711,-3.5034251,65.89816
1021,SN2006er,7.6428385,19.694117,52.072643
1022,SN2006ex,-9.475913,37.51337,59.15615
1023,SN2006ez,-20.770578,27.189747,57.422832
1024,SN2006fb,30.20689,-7.581624,47.343544
1025,SN2006fj,21.218365,37.036526,45.85173
1026,SN2006fl,0.3911859,64.185295,22.56391
1027,SN2006fs,74.237114,22.039385,-10.702401
1028,SN2006fu,-2.8932526,49.169296,17.838385
1029,SN2006gg,48.8486,36.773647,39.862137
1030,SN2006gh,44.296463,15.3581,44.19385
1031,SN2006hd,23.596079,38.407753,-32.833927
1032,SN2006he,47.188572,27.986454,40.57171
1033,SN2006hf,31.917482,17.125063,45.828903
1034,SN2006hg,30.3708,11.263012,-26.02006
1035,SN2006hp,35.524185,46.920204,45.47024
1036,SN2006hr,58.77935,13.049403,53.204556
1037,SN2006hu,24.82483,48.23821,8.292537
1038,SN2006hv,-0.5235476,51.148834,39.09231
1039,SN2006hy,-8.698765,61.749966,18.915714
1040,SN2006hz,-13.326868,5.27549,75.36788
1041,SN2006ix,-11.075177,20.715437,62.176426
1042,SN2006iy,37.352474,41.26765,31.254282
1043,SN2006jh,25.841816,49.122223,-20.95447
1044,SN2006jj,32.98931,3.4142485,60.495052
1045,SN2006jk,49.097248,-28.354345,18.209545
1046,SN2006jn,16.951477,24.346214,57.855473
1047,SN2006jr,7.9262085,41.77845,26.135096
1048,SN2006ju,13.532101,35.9356,0.10658998
1049,SN2006jy,10.534969,20.173147,-16.503475
1050,SN2006ka,-3.351302,38.424644,-10.766635
1051,SN2006kb,9.000894,61.93639,24.530304
1052,SN2006kc,51.243446,27.388552,54.58035
1053,SN2006kl,27.60061,25.654415,64.06261
1054,SN2006km,40.596058,25.230774,-9.558576
1055,SN2006ko,39.34485,14.423935,-32.576122
1056,SN2006ky,7.207175,42.254482,50.528656
1057,SN2006kz,5.296712,54.075245,3.0877857
1058,SN2006lb,4.2663426,15.892848,76.85857
1059,SN2006lj,-19.206036,49.228275,26.17649
1060,SN2006ln,20.92599,5.965806,42.453552
1061,SN2006lo,27.318542,43.049328,1.1703703
1062,SN2006lp,55.135387,39.855705,-49.127743
1063,SN2006mv,-2.4736333,60.101532,-9.551373
1064,SN2006na,7.9063907,22.058767,-49.64056
1065,SN2006nb,22.175436,30.675055,38.501
1066,SN2006nd,20.023033,55.080162,-19.968191
1067,SN2006ni,49.580833,43.23425,-18.28177
1068,SN2006nj,31.27271,15.883735,-50.946327
1069,SN2006nk,9.486405,37.272797,7.814338
1070,SN2006nl,20.170378,12.255681,21.70015
1071,SN2006nn,27.446928,12.509103,55.34037
1072,SN2006nv,40.139713,35.75565,-1.4683467
1073,SN2006nx,64.167534,-12.085146,-33.39248
1074,SN2006od,25.052746,45.696842,40.06375
1075,SN2006of,-12.062837,69.25435,15.242588
1076,SN2006oh,11.257541,81.22764,15.2937765
1077,SN2006oi,30.473131,29.241636,55.898335
1078,SN2006ol,17.661451,45.917072,-0.01001895
1079,SN2006om,23.2228,21.73758,41.631504
1080,SN2006pa,12.266456,55.471767,31.172707
1081,SN2006pf,57.056473,-22.254347,28.96208
1082,SN2006pq,-2.7048006,20.95409,37.489582
1083,SN2006qg,54.8866,-158.17734,244.30698
1084,SN2007id,5.118901,79.57617,-27.068485
1085,SN2007je,26.697536,48.3413,27.385239
1086,SN2007jh,82.44886,18.87052,-25.01494
1087,SN2007jl,46.550747,1.8405057,11.581477
1088,SN2007jm,17.563393,-30.609587,-13.886587
1089,SN2007jw,18.277647,39.284946,7.05411
1090,SN2007kr,48.161488,-1.3031265,43.585533
1091,SN2007kt,-0.29936436,51.949955,26.646849
1092,SN2007kv,50.254414,8.714109,31.628439
1093,SN2007kx,5.3088055,78.700195,-9.195359
1094,SN2007lb,12.541657,5.156024,-10.906491
1095,SN2007lc,8.80139,44.92611,3.3149023
1096,SN2007lh,20.543337,13.904092,36.942863
1097,SN2007ll,33.211235,2.935432,22.722742
1098,SN2007ln,36.589832,20.527832,57.18935
1099,SN2007lo,11.394829,35.588623,45.0291
1100,SN2007lp,53.91547,37.806168,1.6530406
1101,SN2007lt,5.1957045,74.2327,19.817497
1102,SN2007mc,20.989134,53.340538,36.51442
1103,SN2007me,20.10968,23.154615,76.93203
1104,SN2007mj,-7.7657423,63.734024,9.034255
1105,SN2007mk,13.288912,53.424076,44.028168
1106,SN2007ml,22.592907,36.993614,-1.5134398
1107,SN2007mv,40.17589,59.875446,-28.03011
1108,SN2007mz,45.43076,23.994228,-27.6853
1109,SN2007ne,22.250128,33.026108,58.748024
1110,SN2007nh,38.10574,19.106731,34.227413
1111,SN2007ni,28.86389,16.367735,29.411362
1112,SN2007nj,22.18046,44.77449,56.534878
1113,SN2007nu,20.189606,5.73387,84.21516
1114,SN2007oe,6.0326447,-11.2119875,58.078568
1115,SN2007oj,6.852585,67.957634,-1.2496378
1116,SN2007ok,16.880575,46.985126,31.919985
1117,SN2007ot,16.429243,45.930386,43.702766
1118,SN2007ou,38.13377,45.02613,-31.989113
1119,SN2007ow,68.16411,-16.957952,0.0062742853
1120,SN2007ph,51.32631,31.34191,-4.920347
1121,SN2007pn,11.396283,58.498455,-34.673306
1122,SN2007po,53.32995,-10.534723,37.23341
1123,SN2007pp,43.47763,48.40275,-41.110287
1124,SN2007pw,-3.1688251,10.752526,-49.583683
1125,SN2007qf,40.71771,29.713827,51.67364
1126,SN2007qg,24.994297,31.830256,-17.112865
1127,SN2007qh,53.059635,6.0605693,7.667478
1128,SN2007qm,12.380631,19.566885,33.62183
1129,SN2007qp,1.4870272,31.096146,33.590923
1130,SN2007qq,34.91277,-13.777687,-23.869669
1131,SN2007qr,16.495834,30.72561,-4.099107
1132,SN2007qy,-1.9943081,37.60544,22.540564
1133,SN2007rd,42.708176,15.036179,-10.104335
1134,SN2007rl,15.311203,29.594479,32.743572
1135,SN2007rp,17.993378,30.53005,49.08938
1136,SN2007sb,28.30528,36.829117,29.891438
1137,SN2007sd,125.99345,5.009417,108.31793
1138,SN2007tr,10.428345,21.562822,-64.43998
1139,SN2008fq,43.30591,-35.4635,-19.15151
1140,SDSS-II SN 1592,-5.7427163,10.52042,35.022793
1141,SN2005iw,25.434217,-45.533264,-1.6936268
1142,SN2006bo,28.439451,-5.6930966,3.8180826
1143,PS1-12bku,-21.754372,-35.06506,-16.953129
1144,PS1-14vk,13.392796,51.75701,-24.689732
1145,SDSS-II SN 11316,22.029976,-46.233845,12.033521
1146,SDSS-II SN 12827,-21.571928,-17.78792,34.521595
1147,SDSS-II SN 13148,-22.513952,46.873272,-6.794339
1148,SDSS-II SN 13247,37.983208,-49.19432,-1.8229779
1149,SDSS-II SN 13277,-6.4417872,-25.143679,11.641192
1150,SDSS-II SN 13515,-22.189331,36.39805,-44.5838
1151,SDSS-II SN 13628,-41.74407,17.993494,55.093594
1152,SDSS-II SN 13657,-30.958864,-9.103304,-78.328186
1153,SDSS-II SN 13815,-5.3850975,14.799396,9.690234
1154,SDSS-II SN 13861,-32.735523,-10.606567,-71.618614
1155,SDSS-II SN 13904,19.71382,-4.911272,-17.706783
1156,SDSS-II SN 13946,-31.472593,33.4328,-47.016014
1157,SDSS-II SN 14065,23.208057,-41.857784,18.030386
1158,SDSS-II SN 14074,-38.919266,5.503103,-68.213264
1159,SDSS-II SN 14357,11.460137,-15.484741,-57.57938
1160,SDSS-II SN 14539,-9.203744,12.502249,-37.734695
1161,SDSS-II SN 14588,-6.2621465,-17.89937,-13.174773
1162,SDSS-II SN 14638,-3.9122055,-17.399738,-21.339918
1163,SDSS-II SN 14907,28.301712,-51.68343,-28.525415
1164,SDSS-II SN 14978,22.339716,-36.64631,12.285766
1165,SDSS-II SN 15294,26.389772,-45.130924,-18.456806
1166,SDSS-II SN 1536,-44.04817,46.138145,34.54592
1167,SDSS-II SN 15526,-16.553015,4.0753155,-44.780704
1168,SDSS-II SN 15593,-13.154866,-36.288612,24.984383
1169,SDSS-II SN 15913,4.234442,-17.266794,9.517074
1170,SDSS-II SN 16360,22.796835,-19.134308,-23.518616
1171,SDSS-II SN 16652,-7.233833,5.161389,-19.47024
1172,SDSS-II SN 16849,-19.91572,5.097076,63.819336
1173,SDSS-II SN 17322,-4.2598944,-19.611473,-38.82183
1174,SDSS-II SN 17793,-26.368195,29.875664,75.72101
1175,SDSS-II SN 1783,-41.764256,-22.485218,-42.59747
1176,SDSS-II SN 18392,-6.4193416,6.953916,14.147809
1177,SDSS-II SN 18459,22.355852,-39.248524,-51.39137
1178,SDSS-II SN 18478,-34.07596,14.443526,47.71824
1179,SDSS-II SN 1848,-49.069298,55.64419,34.588543
1180,SDSS-II SN 19190,14.976127,-32.96705,-58.343166
1181,SDSS-II SN 19221,19.190641,-27.175518,-27.73371
1182,SDSS-II SN 19325,24.32581,-66.48321,7.9833994
1183,SDSS-II SN 19339,-9.51343,13.795581,-25.92309
1184,SDSS-II SN 19524,-26.396023,13.492813,54.218395
1185,SDSS-II SN 19555,-3.2314184,-7.856226,-52.983406
1186,SDSS-II SN 19645,107.30594,-28.363771,7.3654165
1187,SDSS-II SN 20323,16.526606,-33.150063,-45.639717
1188,SDSS-II SN 20435,2.7143085,-21.97213,-24.613487
1189,SDSS-II SN 2050,-25.193012,40.23665,14.514752
1190,SDSS-II SN 20517,-39.78346,64.62503,36.506657
1191,SDSS-II SN 20542,-8.197964,4.501945,-30.578539
1192,SDSS-II SN 2060,-47.206566,-36.074883,55.702095
1193,SDSS-II SN 20947,18.654598,-44.24054,40.190556
1194,SDSS-II SN 20965,6.186126,-2.633443,-58.96897
1195,SDSS-II SN 21478,16.142227,-40.855667,28.928312
1196,SDSS-II SN 2551,-32.268795,25.807724,46.458294
1197,SDSS-II SN 3543,5.8115377,-61.45443,52.144978
1198,SDSS-II SN 3669,18.498543,-60.640842,18.330372
1199,SDSS-II SN 3945,-64.66763,28.244635,-38.82163
1200,SDSS-II SN 4229,5.4715447,4.379005,-65.31551
1201,SDSS-II SN 4638,-33.82212,-4.5321546,28.447746
1202,SDSS-II SN 5403,-24.312616,-15.918001,45.510475
1203,SDSS-II SN 7654,-25.961756,-22.22231,-60.272106
1204,SDSS-II SN 7699,-30.696007,31.763334,-38.277428
1205,SDSS-II SN 7794,-35.38467,-19.379946,39.04778
1206,SDSS-II SN 7839,-25.657913,34.082333,-53.76489
1207,SDSS-II SN 8062,33.545105,-34.54771,-57.678093
1208,SDSS-II SN 919,-31.698242,-12.187287,51.106762
1209,SDSS-II SN 9268,-5.947486,-6.9421625,-35.932606
1210,SN2006ew,-34.055283,36.6571,-8.156921
1211,SN2007my,-48.450283,-15.76657,-43.1238
1212,SN2007oq,-6.094348,21.564789,-59.229015
1213,SN2007qk,15.99589,-8.648865,-70.455154
1214,SDSS-II SN 14589,20.906916,-31.479557,65.55718
1215,SN2005fd,-72.921745,49.464058,3.132808
1216,SDSS-II SN 13314,-51.69728,3.281329,57.72295
1217,SDSS-II SN 13476,-22.24574,14.290302,-59.761894
1218,SDSS-II SN 13477,-12.808152,0.4199746,-58.721386
1219,SDSS-II SN 13896,29.207434,28.75322,44.92419
1220,SDSS-II SN 15569,-4.682005,4.4815927,-76.198204
1221,SDSS-II SN 15900,-24.082853,16.874191,13.286848
1222,SDSS-II SN 17829,39.96394,-8.10641,-42.723427
1223,SDSS-II SN 18291,11.408854,-24.924288,-4.4727383
1224,SDSS-II SN 19034,-4.071605,-75.57178,-26.274736
1225,SDSS-II SN 19308,3.0167067,-16.52697,-49.618233
1226,SDSS-II SN 20334,-14.24677,-25.076199,61.472355
1227,SDSS-II SN 20771,-4.409151,-5.4734325,-6.5120597
1228,SDSS-II SN 4059,55.446198,-61.089184,21.343311
1229,SDSS-II SN 4110,4.272284,-11.772046,33.234608
1230,SDSS-II SN 6433,24.428965,10.680492,13.082586
1231,SDSS-II SN 789,14.147813,-77.183235,-52.526974
1232,SN2005gx,-57.51418,60.614597,-14.793797
1233,SN2006hh,-55.773815,9.3368225,-16.842255
1234,SN2006hs,48.404976,12.23847,-69.29453
1235,SN2006kt,-44.667862,45.759663,-31.310677
1236,SN2006mu,81.27528,2.3346982,-4.1041765
1237,SN2006ng,-25.67886,-5.3634906,-42.49735
1238,SN2007ka,6.867998,43.56558,59.608795
1239,SN2007ko,35.09252,35.694973,60.34268
1240,SN2006gb,-9.67341,-14.1967,17.215223
1241,SDSS-II SN 13145,-11.192368,23.287275,-1.3576303
1242,SDSS-II SN 13496,9.076726,-16.996103,2.4680815
1243,SDSS-II SN 1367,8.557747,20.196331,18.920364
1244,SDSS-II SN 13729,4.992441,3.3728218,-50.28509
1245,SDSS-II SN 13742,-42.013783,8.736834,60.475773
1246,SDSS-II SN 14469,-41.60475,6.2983575,-307.18436
1247,SDSS-II SN 14639,-20.743057,22.222797,2.9515173
1248,SDSS-II SN 14751,-15.011989,29.41906,12.156601
1249,SDSS-II SN 14827,14.655952,-24.64003,-50.497154
1250,SDSS-II SN 15258,-8.128798,-44.25762,56.86193
1251,SDSS-II SN 15303,-23.712612,34.486427,24.421194
1252,SDSS-II SN 16472,18.58322,-54.108818,11.503247
1253,SDSS-II SN 17292,-53.00716,12.010801,66.33432
1254,SDSS-II SN 17781,-23.192205,39.33898,-0.12944177
1255,SDSS-II SN 17996,-13.361507,-5.3728485,1.2594106
1256,SDSS-II SN 18111,-30.434284,11.128859,-53.041897
1257,SDSS-II SN 19346,23.515957,-16.8829,-73.750435
1258,SDSS-II SN 19438,17.881956,-51.385128,-43.29782
1259,SDSS-II SN 2527,0.1420798,-0.63057846,2.859897
1260,SDSS-II SN 3112,8.144098,-92.59029,-31.941654
1261,SDSS-II SN 3957,-15.809511,-31.052364,67.26976
1262,SDSS-II SN 4465,0.9701445,-8.49894,9.854114
1263,SDSS-II SN 5943,-25.36895,51.27366,13.262053
1264,SDSS-II SN 6635,-20.484032,30.432266,35.751385
1265,SDSS-II SN 6877,15.36563,-22.344166,-64.83212
1266,SDSS-II SN 7003,-30.008284,30.225725,14.465173
1267,SN2006hi,7.731094,-19.275902,-41.464317
1268,SN2006nh,-46.04144,34.47978,54.224266
1269,SN2006pz,-6.535633,-80.99494,-5.8756623
1270,SN2006sv,-7.2770867,30.634638,30.063866
1271,SN2007mx,28.421906,-57.607124,21.159903
1272,SN2007sg,-34.053192,25.342236,20.33612
1273,SN2007sk,62.29816,146.91803,-20.07462
1274,SDSS-II SN 19487,13.111548,-29.324986,18.36957
1275,SDSS-II SN 20932,18.477547,-34.943623,3.0227208
1276,SDSS-II SN 7575,-31.062828,8.838343,8.944342
1277,PS1-11ala,-50.282124,-31.452517,-44.815125
1278,PS15bdr,-31.368214,61.603943,9.208714
1279,SNLS-03D4cw,13.205735,-53.683517,-24.815756
1280,SNLS-06D1hc,-33.510967,-59.272083,4.1719785
1281,PS1-10l,-56.021214,-10.773387,-41.665504
1282,SN2016zd,-45.335888,62.49641,13.816482
1283,SNLS-05D1by,32.916416,-71.4077,-22.087454
1284,SN2012P,-5.7534943,-75.835464,4.339396
1285,SNLS-04D4gz,3.3354394,-68.03523,3.481483
1286,PS1-10bkf,-61.11175,20.819279,0.09874548
1287,SNLS-04D4ht,4.6555014,-69.0418,-4.708053
1288,SNLS-05D1dn,13.159235,-77.60904,-0.42576006
1289,ASASSN-15nq,-21.084887,59.72045,62.616215
1290,ASASSN-15nr,-4.352638,83.76282,55.412975
1291,ASASSN-15ti,-14.603435,74.64989,43.71369
1292,ASASSN-15uw,-12.690687,85.74597,36.867134
1293,DES17C2ou,9.248603,-19.585684,-29.852716
1294,DES17C3arf,44.487015,-46.687973,25.215961
1295,Gaia16ahz,23.801437,-39.076397,-26.720818
1296,LSQ12blp,7.8296795,70.92831,47.318058
1297,LSQ14an,-4.993663,-0.047940854,54.612797
1298,PS1-10agw,30.939846,35.118637,7.0211444
1299,PS1-10awh,18.205288,-29.97461,49.555786
1300,PS1-10k,46.015484,29.0263,-39.50728
1301,PS1-10n,0.62121665,-9.718803,-30.66216
1302,PS1-10p,7.203719,33.891758,-18.219526
1303,PS1-11cn,-9.402842,41.022343,-13.784082
1304,PS1-11fi,25.976738,57.052677,70.18231
1305,PS1-11sk,72.19707,-2.3330536,13.778317
1306,PS1-11w,5.786027,61.63413,33.754818
1307,PS1-13or,19.47253,-18.58343,-41.74462
1308,PS15aii,-22.003145,68.6633,63.10608
1309,PS15bwh,-12.060245,70.57069,62.37024
1310,PS15cwx,-9.850981,55.57934,49.327583
1311,PSN J23102264+0735202,-3.142858,80.83657,33.81804
1312,PTF10bfz,-22.438606,68.67199,35.23451
1313,PTF12hni,14.22487,0.41481656,-32.01549
1314,PTF13bdl,27.434092,-33.24305,-40.25119
1315,SN2003fj,46.635937,-48.43448,-59.178814
1316,SN2003fk,41.605965,-45.79687,-30.06035
1317,SN2004gt,48.893063,-29.948322,-61.504997
1318,SN2005Q,46.280376,39.738445,-25.766193
1319,SN2005bj,38.124195,-27.329493,-43.69774
1320,SN2005bl,51.859688,-43.75261,23.761307
1321,SN2005ku,-25.812424,74.02426,54.146366
1322,SN2006ep,76.31178,-21.50607,-11.100224
1323,SN2006gj,-7.944039,45.16205,-41.396442
1324,SN2006py,-0.18355247,74.42423,54.207417
1325,SN2007A,-1.2839124,66.722824,49.509857
1326,SN2007hn,41.97872,-17.222782,-64.2708
1327,SN2007hx,21.196222,70.120224,53.80733
1328,SN2007if,-14.465985,59.841423,-38.48979
1329,SN2007jh,-0.34191146,57.941547,-38.474552
1330,SN2008bq,-1.0429752,65.5791,58.497284
1331,SN2010ap,13.929252,70.00818,-21.617447
1332,SN2010fq,41.332993,-12.285591,47.55114
1333,SN2013ai,33.3918,-32.96833,-28.594221
1334,SN2016E,5.8757243,60.360893,54.978737
1335,SN2016afb,-22.831467,63.656013,71.924324
1336,SN2016alt,28.990015,-7.090687,71.5239
1337,SN2016arc,8.277945,52.978237,-50.95887
1338,SN2016ayg,-17.322058,54.1886,67.11885
1339,SN2016bkw,-11.080574,62.10515,67.15718
1340,SN2016bpb,-18.796244,62.07724,53.04245
1341,SN2016cby,-2.2196257,79.988396,45.67185
1342,SN2016czc,-7.2646956,52.562935,61.16463
1343,SN2016eky,-14.713052,83.36163,54.732246
1344,SN2016gkt,-45.3543,45.34359,-49.333973
1345,SN2016grz,0.26040044,44.07627,80.78608
1346,SN2016ys,11.068594,62.248577,66.906044
1347,SN2017cfc,7.412311,80.0615,52.198673
1348,SN2017cjv,-35.094345,60.322926,54.282303
1349,SN2017ckd,-27.450155,68.34575,45.80799
1350,SN2017lv,-29.7562,49.4922,67.98581
1351,SNLS-03D4dy,8.021442,-57.165333,-1.0125008
1352,SNLS-03D4gf,49.140816,-60.744846,-46.595978
1353,SNLS-04D1jg,49.22813,-50.282784,-49.511425
1354,SNLS-04D1sa,57.114025,-71.66899,-40.204945
1355,SNLS-04D2ac,45.128517,-31.141737,-30.054625
1356,SNLS-04D2cf,30.564924,-40.88089,-35.448906
1357,SNLS-04D2gb,60.31927,-49.913445,-50.63095
1358,SNLS-04D2gc,41.62589,-45.11974,-47.724586
1359,SNLS-04D2mc,65.332085,-43.55368,-42.741646
1360,SNLS-04D2mj,50.912006,-47.168056,-30.0167
1361,SNLS-04D3cy,51.519295,-56.39842,-38.70295
1362,SNLS-04D3df,58.81069,-55.88512,-45.74167
1363,SNLS-04D3fq,49.771935,-68.22061,-22.60421
1364,SNLS-04D3oe,42.50827,-71.03311,-33.50994
1365,SNLS-04D4ec,15.378197,-10.518569,-25.101383
1366,SNLS-05D1hm,60.419033,-65.239296,-26.820631
1367,SNLS-05D1if,42.636837,-69.85344,-24.62351
1368,SNLS-05D1ke,52.12698,-73.26305,-32.00624
1369,SNLS-05D3jk,44.6544,-58.37221,-32.040577
1370,SNLS-05D3lc,36.772274,-36.73385,-65.16854
1371,SNLS-05D3lr,52.01052,-60.4511,-26.739233
1372,SNLS-05D3mn,42.32508,-62.456078,-23.207018
1373,SNLS-05D4bf,40.599167,-56.55772,-47.4966
1374,SNLS-05D4ej,51.09135,-49.70075,-42.386623
1375,SNLS-05D4ff,57.0921,-42.414387,-45.85988
1376,SNLS-06D3dl,34.262627,-54.328423,-15.1474495
1377,SNLS-06D3ed,55.55186,-39.564434,-52.85082
1378,SNLS-06D3gx,47.764717,-66.20907,-31.084677
1379,SNLS-06D4cq,50.578384,-36.135,-47.88571
1380,SN2016cxb,-4.2509656,20.899862,92.454666
1381,SNLS-04D4in,43.284363,-39.172005,-43.76242
1382,SNLS-05D3ci,41.034615,-49.366577,-39.118965
1383,SNLS-05D3hq,48.331673,-35.783684,-34.583992
1384,SNLS-05D4cw,63.520966,-28.213686,-53.05619
1385,iPTF13dge,19.356884,64.98091,62.244415
1386,ASASSN-14lp,45.95899,54.01012,22.189837
1387,ASASSN-15hg,47.053013,70.25948,-0.54814
1388,ASASSN-15jt,85.907166,39.64545,2.6014724
1389,ASASSN-15np,33.07366,60.979523,3.545601
1390,ASASSN-15pm,36.192642,81.88558,33.484493
1391,ASASSN-15ss,57.167126,57.14973,23.49137
1392,DES15E2mlf,29.372778,-20.421593,-46.84753
1393,DES17C1ald,16.17786,58.00361,5.3373203
1394,DES17C3eg,56.3392,-7.512001,-42.731773
1395,LSQ11bk,41.56857,85.12095,24.590807
1396,LSQ11ot,75.06732,15.770279,10.461154
1397,LSQ12agq,39.917374,56.011665,10.3573265
1398,LSQ12bld,23.449179,64.90992,-0.42610386
1399,LSQ12ca,14.877094,67.47069,6.306008
1400,LSQ14mo,8.033501,11.531171,61.59405
1401,PS1-10acx,46.99831,-8.874163,23.733747
1402,PS1-10aj,15.867975,40.23746,37.033978
1403,PS1-10cbu,65.86969,21.652576,-47.77528
1404,PS1-10ik,25.678337,54.747772,47.915627
1405,PS1-10ir,38.041996,26.773527,42.069366
1406,PS1-10ix,39.300877,53.481426,-25.818708
1407,PS1-11mq,0.0026939977,58.643097,18.213072
1408,PS1-11xw,33.71851,27.23892,34.432602
1409,PS1-12sk,-5.037943,36.29886,10.3554125
1410,PS1-13arp,51.73228,26.093494,-58.99596
1411,PS1-13wr,63.842804,-46.549595,-6.5230823
1412,PS15akf,87.55918,27.58935,-4.281433
1413,PS15aoq,57.361843,67.17681,18.28467
1414,PS15asb,41.11594,66.26866,5.81751
1415,PS15bif,17.710186,75.65162,2.5558908
1416,PS15cut,77.54803,55.1702,-2.2905257
1417,PSN J20435314+1230304,83.85025,38.31773,-7.1500535
1418,PTF09cnd,-14.327633,37.13036,23.946283
1419,PTF11cml,31.29881,80.668045,12.843281
1420,PTF11dec,41.415726,51.318207,0.20419106
1421,PTF11kmb,72.12566,-6.0122266,-34.088234
1422,PTF12csy,36.326183,-39.22512,-9.550796
1423,PTF12gzk,78.26535,19.49053,-0.36566988
1424,SN2003fg,44.426105,-14.850691,-2.6518924
1425,SN2003fn,24.73848,32.857784,-74.73226
1426,SN2003fp,51.96261,-3.762485,-31.824692
1427,SN2003ha,49.96781,18.892347,0.31663296
1428,SN2004ef,59.905838,54.842716,0.0225397
1429,SN2004ex,57.713127,7.324834,-22.46989
1430,SN2004ey,44.826515,76.55355,19.018326
1431,SN2004fe,74.30629,15.693165,-26.647717
1432,SN2004ff,58.425125,-5.3035197,-20.16212
1433,SN2004gc,84.10991,30.682379,16.869377
1434,SN2004gq,55.028873,-9.979039,-12.919958
1435,SN2004gs,77.5791,44.052994,-1.0550019
1436,SN2004gu,38.27751,66.33685,24.563688
1437,SN2004gv,60.38802,13.721311,-16.00608
1438,SN2005A,84.11711,-5.905372,-7.5707283
1439,SN2005M,47.87243,66.76047,31.72371
1440,SN2005ag,32.587887,65.412415,13.086
1441,SN2005al,58.183792,74.41272,-1.4299493
1442,SN2005be,66.33236,59.763054,-20.243666
1443,SN2005el,52.88068,80.40655,-1.389498
1444,SN2005em,50.75177,29.35702,-17.725723
1445,SN2005eq,35.231792,70.15638,31.514547
1446,SN2005hc,46.932568,70.13371,24.464092
1447,SN2005hj,36.840008,75.26619,23.798403
1448,SN2005iq,63.615345,79.42717,4.724045
1449,SN2005ir,29.45514,84.365425,-2.7260115
1450,SN2005kc,75.947815,28.986938,12.485031
1451,SN2005ki,61.91702,81.74044,-4.955875
1452,SN2005lu,83.15484,7.1594872,25.650913
1453,SN2005mc,90.83342,18.241337,-6.078233
1454,SN2005na,50.23082,72.03305,13.741662
1455,SN2006D,71.296455,69.84067,14.668743
1456,SN2006T,64.31577,-0.10549436,-16.149557
1457,SN2006X,89.09832,-6.361619,-12.182484
1458,SN2006ax,56.320915,79.53681,15.303711
1459,SN2006ba,47.46874,-7.6889124,-21.303186
1460,SN2006bd,87.95308,-1.1759719,-34.309814
1461,SN2006bf,81.62534,-20.147076,-31.291767
1462,SN2006bh,70.259285,74.057686,9.45563
1463,SN2006br,86.36533,-1.8259367,4.6855683
1464,SN2006bt,-4.885079,56.733738,8.13241
1465,SN2006ef,65.43098,59.25246,-30.920166
1466,SN2006ej,67.77572,69.378006,-3.6580882
1467,SN2006ev,52.679344,59.370434,-15.664873
1468,SN2006fo,37.931717,-9.529579,-16.46534
1469,SN2006gt,89.95826,41.416843,-12.67104
1470,SN2006hb,79.844604,7.541889,-12.5898905
1471,SN2006ir,32.408234,-21.36739,-29.856121
1472,SN2006is,58.263668,60.212444,34.146202
1473,SN2006kf,68.03722,46.489506,0.51869833
1474,SN2006lc,77.74808,-12.804441,-30.777477
1475,SN2006lu,50.901382,55.158016,8.061034
1476,SN2006mr,85.562935,1.9463682,-43.039513
1477,SN2006ob,74.38215,53.284676,6.274514
1478,SN2006os,82.67855,14.149019,4.764596
1479,SN2006ot,6.8245764,51.363094,-13.432229
1480,SN2007N,82.87429,-6.305362,-41.737583
1481,SN2007S,66.4628,32.93853,11.071784
1482,SN2007Y,59.467712,28.980274,-4.8322268
1483,SN2007af,46.694126,63.2372,15.721244
1484,SN2007ai,71.99527,25.45925,2.5763535
1485,SN2007as,55.793705,76.36298,6.116935
1486,SN2007ax,86.23366,8.246253,-38.841423
1487,SN2007ba,87.84519,21.663841,-17.297989
1488,SN2007bm,82.432655,23.138567,8.8704605
1489,SN2007ca,43.492653,47.355595,9.991921
1490,SN2007if,67.73799,38.471207,-12.753991
1491,SN2007jg,53.024284,66.2338,6.8822184
1492,SN2007kj,70.39448,25.65632,-29.386715
1493,SN2007le,52.042107,50.97789,16.531044
1494,SN2007mm,79.92753,5.2094197,-30.529787
1495,SN2007nq,67.64613,58.624256,3.9071906
1496,SN2007on,75.207184,54.647434,-10.803668
1497,SN2007rz,40.67801,-64.16589,9.222212
1498,SN2008R,81.95742,49.157177,-8.536049
1499,SN2008aq,57.45554,14.72909,-25.632324
1500,SN2008fp,69.33803,16.254768,1.5925258
1501,SN2008gc,43.88542,-2.9606032,27.293291
1502,SN2008gp,41.625046,69.79176,16.52577
1503,SN2008hh,51.802296,11.77952,-14.032505
1504,SN2008hv,63.02402,70.055855,4.045089
1505,SN2008ia,60.19835,59.99982,-6.062148
1506,SN2009F,77.55421,3.4224777,-39.942802
1507,SN2009K,47.715317,5.504842,-36.54364
1508,SN2009Z,53.26325,18.05912,-17.953312
1509,SN2009bb,70.93805,-14.74635,-38.70699
1510,SN2009ca,37.727177,4.6876245,-38.33719
1511,SN2009dc,-14.237328,70.58528,-3.330628
1512,SN2009dp,48.893627,-14.43512,-38.013504
1513,SN2009dt,61.82859,-32.583927,-25.405975
1514,SN2010ar,10.491744,88.10723,2.8218627
1515,SN2010bc,53.266624,25.686544,16.843077
1516,SN2010fs,59.75652,10.508412,-57.265633
1517,SN2011jq,85.232544,13.326691,-20.004122
1518,SN2012aw,35.147423,-4.2305,-52.924713
1519,SN2013cs,56.336136,62.286896,12.485578
1520,SN2013cv,48.452396,86.59692,18.850983
1521,SN2016J,36.08347,48.85068,17.165005
1522,SN2016K,66.01727,53.550846,11.191762
1523,SN2016aqb,52.549496,78.04811,25.917858
1524,SN2016blj,28.965303,64.26576,22.133724
1525,SN2016bmc,74.33405,50.635986,-25.52573
1526,SN2016cuv,35.56937,68.14887,-7.6962113
1527,SN2016ija,37.570248,-68.15507,-9.739316
1528,SN2017ln,44.533318,80.75002,6.3458624
1529,SNLS-03D3ay,48.53156,-16.847849,-27.88582
1530,SNLS-04D1dc,45.986786,-5.4199986,-8.532726
1531,SNLS-04D3fk,62.99148,-26.685064,-19.906532
1532,SNLS-04D4fu,15.235406,-15.80083,-11.979775
1533,SNLS-04D4ib,45.760685,-48.14584,-17.47811
1534,SNLS-05D2fq,46.643314,-60.53223,-11.946794
1535,SNLS-05D2hc,70.95404,-31.411802,-26.180601
1536,SNLS-05D2ie,76.409294,-29.668905,5.7519135
1537,SNLS-05D3dd,61.06538,-31.581076,-34.263298
1538,SNLS-05D3ht,45.68122,-76.375755,-12.320532
1539,SNLS-05D3jq,28.46044,-49.77583,-45.443768
1540,SNLS-05D3kp,52.530594,-64.82401,-12.205865
1541,SNLS-05D4bm,54.919186,-22.88452,-30.513378
1542,SNLS-05D4fo,63.513447,-23.143953,-27.601057
1543,SNLS-06D2ga,46.34014,-70.007225,-9.5510845
1544,SNLS-06D3cn,50.481094,-27.113068,-14.791663
1545,SNLS-06D3dt,42.44735,-21.082394,-22.096218
1546,SNLS-06D3el,57.56151,-19.124046,-38.51655
1547,SNLS-06D3fp,57.63121,-17.42008,-20.796047
1548,SNLS-06D4dh,59.15629,6.631841,-5.421963
1549,SNLS-06D4eu,56.423054,-38.25498,-22.713934
1550,SNLS-07D2bv,66.88752,-39.01391,-17.710972
1551,iPTF13ehe,31.25885,-25.466665,44.656605
1552,LSQ13ry,57.571495,84.71364,3.967897
1553,SN2013ab,2.3064458,1.4233001,68.969284
1554,SN2013hy,43.1676,-4.055257,-64.17794
1555,CSS151120:044526-190158,2.2151814,91.94905,13.845355
1556,Gaia15abc,4.1586432,72.38901,-43.59053
1557,PS1-10bls,15.986085,-28.130472,75.48785
1558,PS1-11aea,52.69868,44.94006,-29.19727
1559,PS1-13bni,-36.847504,47.83531,43.434956
1560,PS1-14bj,25.686157,-34.096256,-65.458595
1561,PS17yt,-5.227133,70.772804,70.78468
1562,SN2005aw,40.284252,-15.246005,-48.908646
1563,SN2010id,36.625343,-32.395916,11.205666
1564,SNLS-04D2fp,52.787666,-28.641245,-43.27594
1565,SNLS-05D2he,53.771835,-58.360043,-20.03409
1566,SNLS-05D3lb,57.73879,-66.21047,-35.048107
1567,SNLS-05D4hn,41.622986,-68.16202,-16.309523
