0,1,2
PS1-12bku,-67.6656723022461,-2.975029468536377
SDSS-II SN 10054,14.227767944335938,14.89158821105957
SDSS-II SN 10113,29.310001373291016,-4.0729522705078125
SDSS-II SN 10161,-61.01682662963867,-11.802132606506348
SDSS-II SN 1024,-72.050048828125,-8.336816787719727
SDSS-II SN 10299,20.570823669433594,8.517139434814453
SDSS-II SN 10324,61.21152114868164,11.81640338897705
SDSS-II SN 10450,29.27614974975586,-7.444027900695801
SDSS-II SN 1048,-68.80697631835938,-18.24917221069336
SDSS-II SN 10506,30.748472213745117,-10.028840065002441
SDSS-II SN 10559,41.116233825683594,-8.79003620147705
SDSS-II SN 10620,2.371814250946045,-2.41375732421875
SDSS-II SN 10976,29.681806564331055,27.833152770996094
SDSS-II SN 10991,65.71029663085938,-7.030628204345703
SDSS-II SN 10997,35.26302719116211,19.629737854003906
SDSS-II SN 1109,-59.55604553222656,-5.735925197601318
SDSS-II SN 11094,-34.19254684448242,20.238283157348633
SDSS-II SN 11120,27.92108154296875,27.086336135864258
SDSS-II SN 1113,-37.938011169433594,-39.25963592529297
SDSS-II SN 1115,-59.90388488769531,-4.203177452087402
SDSS-II SN 11156,38.64557647705078,19.55179786682129
SDSS-II SN 11181,49.84540939331055,1.9813369512557983
SDSS-II SN 11204,34.69664001464844,12.687896728515625
SDSS-II SN 11305,69.55497741699219,6.544838905334473
SDSS-II SN 1131,-60.14576721191406,-8.630905151367188
SDSS-II SN 11314,69.93363952636719,14.298934936523438
SDSS-II SN 11316,12.874032020568848,12.315192222595215
SDSS-II SN 11492,48.95832824707031,18.359458923339844
SDSS-II SN 1164,-66.39058685302734,-7.680985927581787
SDSS-II SN 1166,35.796592712402344,-23.016218185424805
SDSS-II SN 11723,70.90694427490234,17.501142501831055
SDSS-II SN 11850,-59.276161193847656,-12.196391105651855
SDSS-II SN 1199,-63.641483306884766,-20.318586349487305
SDSS-II SN 12213,34.52715301513672,-12.003873825073242
SDSS-II SN 12804,-2.603119134902954,28.7484073638916
SDSS-II SN 12852,25.79707145690918,-14.913881301879883
SDSS-II SN 12868,-81.98439025878906,-6.719441890716553
SDSS-II SN 12875,3.42153263092041,-27.777751922607422
SDSS-II SN 12879,39.75414276123047,-21.59720230102539
SDSS-II SN 12895,-40.941749572753906,15.914319038391113
SDSS-II SN 12924,23.138334274291992,-27.227218627929688
SDSS-II SN 12929,-75.33013153076172,-7.66282320022583
SDSS-II SN 12939,27.277822494506836,-51.30804443359375
SDSS-II SN 12941,-35.75070571899414,-8.339574813842773
SDSS-II SN 12942,-73.92578887939453,-0.1690777987241745
SDSS-II SN 12964,28.31331443786621,-51.36247634887695
SDSS-II SN 12978,-14.557509422302246,26.763887405395508
SDSS-II SN 13009,-36.69443893432617,-12.156222343444824
SDSS-II SN 13016,15.890652656555176,-6.7923383712768555
SDSS-II SN 1302,27.075759887695312,-52.74948501586914
SDSS-II SN 13027,53.06220245361328,-24.32450294494629
SDSS-II SN 13051,28.922616958618164,-53.565223693847656
SDSS-II SN 13058,-66.49115753173828,3.3319361209869385
SDSS-II SN 13062,-63.83736801147461,-22.313512802124023
SDSS-II SN 13076,-65.88140106201172,2.171383857727051
SDSS-II SN 13096,34.27970504760742,-20.165956497192383
SDSS-II SN 13106,-56.23626708984375,-9.95274829864502
SDSS-II SN 13112,-80.74545288085938,-16.108604431152344
SDSS-II SN 13147,38.20916748046875,-20.89240074157715
SDSS-II SN 13148,56.74847412109375,24.821823120117188
SDSS-II SN 13158,-54.56855392456055,-23.170204162597656
SDSS-II SN 13168,-27.779924392700195,-2.135887861251831
SDSS-II SN 13269,-49.307334899902344,-14.410055160522461
SDSS-II SN 13277,-62.663421630859375,-20.565032958984375
SDSS-II SN 13291,-81.14454650878906,-0.5128217339515686
SDSS-II SN 13304,26.548002243041992,-31.281763076782227
SDSS-II SN 13323,27.235912322998047,-3.3962976932525635
SDSS-II SN 13329,11.713895797729492,-3.3746583461761475
SDSS-II SN 13330,-54.26302719116211,-24.958145141601562
SDSS-II SN 13339,31.49208641052246,-49.01315689086914
SDSS-II SN 13344,29.78460121154785,-49.14487838745117
SDSS-II SN 13383,-8.326273918151855,16.917234420776367
SDSS-II SN 13395,-36.833534240722656,-38.832218170166016
SDSS-II SN 13406,-52.523895263671875,-18.441362380981445
SDSS-II SN 13413,-49.4904899597168,-13.055792808532715
SDSS-II SN 1342,28.730985641479492,-26.553194046020508
SDSS-II SN 13423,-15.712383270263672,-8.626654624938965
SDSS-II SN 13440,-45.293460845947266,-17.789958953857422
SDSS-II SN 13441,45.94023513793945,-6.386474609375
SDSS-II SN 13461,-68.6998519897461,-30.093812942504883
SDSS-II SN 13472,-49.59415817260742,-21.051368713378906
SDSS-II SN 13476,13.187173843383789,-8.220873832702637
SDSS-II SN 13477,28.030466079711914,-20.642406463623047
SDSS-II SN 13483,-62.521297454833984,-0.9888994097709656
SDSS-II SN 13487,48.51755905151367,-5.98343563079834
SDSS-II SN 13491,33.91850662231445,-16.1773681640625
SDSS-II SN 13492,23.736923217773438,3.232332706451416
SDSS-II SN 13496,-60.79841613769531,8.72996997833252
SDSS-II SN 13497,60.95849609375,-9.916024208068848
SDSS-II SN 13498,-67.38678741455078,6.083286762237549
SDSS-II SN 13520,41.98063278198242,-17.938793182373047
SDSS-II SN 13529,-10.412261962890625,-3.232499122619629
SDSS-II SN 13533,-49.13467025756836,-25.891088485717773
SDSS-II SN 13554,50.85445022583008,2.7350010871887207
SDSS-II SN 13558,36.64409255981445,-14.669906616210938
SDSS-II SN 13566,-69.86621856689453,-12.389460563659668
SDSS-II SN 13589,-69.742431640625,6.62790060043335
SDSS-II SN 13633,14.535869598388672,3.7873308658599854
SDSS-II SN 13644,-66.7401351928711,-20.956989288330078
SDSS-II SN 13646,32.53221893310547,22.982051849365234
SDSS-II SN 13657,37.143611907958984,-22.19731903076172
SDSS-II SN 13675,-29.63542366027832,-3.670834541320801
SDSS-II SN 13689,-15.306421279907227,26.137710571289062
SDSS-II SN 13703,-14.553399085998535,15.984609603881836
SDSS-II SN 13716,24.719810485839844,-3.7752151489257812
SDSS-II SN 13719,-57.175323486328125,-16.55568504333496
SDSS-II SN 13725,-82.6416244506836,-2.09141206741333
SDSS-II SN 13729,38.84364318847656,-13.281587600708008
SDSS-II SN 13732,-13.091178894042969,-6.6189117431640625
SDSS-II SN 13741,-79.53443908691406,-12.229975700378418
SDSS-II SN 13750,55.34444808959961,-19.290719985961914
SDSS-II SN 13767,-77.17407989501953,-9.68919849395752
SDSS-II SN 13768,17.583528518676758,-8.034577369689941
SDSS-II SN 1378,-32.70541000366211,-21.55202865600586
SDSS-II SN 13784,-46.5606803894043,0.6383365988731384
SDSS-II SN 13786,21.722108840942383,-27.751014709472656
SDSS-II SN 13803,-63.32893753051758,-21.764375686645508
SDSS-II SN 13813,19.895156860351562,-7.355600357055664
SDSS-II SN 13815,-62.319950103759766,-13.609420776367188
SDSS-II SN 13820,39.836997985839844,9.763850212097168
SDSS-II SN 13833,47.5472526550293,-6.364614963531494
SDSS-II SN 13839,-37.052528381347656,-26.20180892944336
SDSS-II SN 13849,52.87721252441406,-24.272384643554688
SDSS-II SN 1385,28.737550735473633,-47.75260925292969
SDSS-II SN 13859,8.715542793273926,0.35356229543685913
SDSS-II SN 13861,40.62345886230469,-15.649389266967773
SDSS-II SN 13862,-45.41798400878906,-28.914697647094727
SDSS-II SN 13864,30.59780502319336,-5.9518208503723145
SDSS-II SN 13868,-39.59757995605469,-8.363168716430664
SDSS-II SN 13896,-15.701759338378906,18.044273376464844
SDSS-II SN 13903,39.46928787231445,-13.807195663452148
SDSS-II SN 13909,-26.00351905822754,1.1794283390045166
SDSS-II SN 13931,32.422584533691406,-49.99838638305664
SDSS-II SN 13932,-46.37747573852539,13.28561019897461
SDSS-II SN 13946,-3.177201509475708,8.208394050598145
SDSS-II SN 1395,24.46634292602539,-50.87858200073242
SDSS-II SN 13968,-68.69316101074219,6.22251558303833
SDSS-II SN 13971,-37.4765510559082,-32.1286735534668
SDSS-II SN 14013,48.31708908081055,-20.433242797851562
SDSS-II SN 14015,38.50005340576172,-24.219449996948242
SDSS-II SN 14053,-72.0460205078125,4.776797294616699
SDSS-II SN 14054,-70.52040100097656,-15.80968952178955
SDSS-II SN 14074,31.891281127929688,-7.775469779968262
SDSS-II SN 14081,-77.25812530517578,-8.4401216506958
SDSS-II SN 14085,-62.613887786865234,-10.167393684387207
SDSS-II SN 1409,-74.0084228515625,-2.1639037132263184
SDSS-II SN 14102,-47.015628814697266,-26.311073303222656
SDSS-II SN 14113,58.734375,-6.654050827026367
SDSS-II SN 14170,-69.10486602783203,-30.6033878326416
SDSS-II SN 14205,23.138460159301758,-27.22714614868164
SDSS-II SN 14209,-47.60597610473633,9.664108276367188
SDSS-II SN 14231,-15.867569923400879,13.67420768737793
SDSS-II SN 14232,-52.0844841003418,13.037961959838867
SDSS-II SN 14251,-50.019447326660156,-15.792722702026367
SDSS-II SN 14258,36.43553161621094,-7.367825031280518
SDSS-II SN 14260,-34.814239501953125,-9.530081748962402
SDSS-II SN 14262,-80.61420440673828,-6.26256799697876
SDSS-II SN 14268,-35.9177360534668,-29.88996696472168
SDSS-II SN 14285,-66.17880249023438,3.9115309715270996
SDSS-II SN 14304,-18.1181583404541,-4.130306243896484
SDSS-II SN 14305,0.476010262966156,2.1571877002716064
SDSS-II SN 14308,36.36298751831055,18.167152404785156
SDSS-II SN 14309,-44.472774505615234,14.007033348083496
SDSS-II SN 14310,17.97072982788086,-18.849088668823242
SDSS-II SN 14311,51.743160247802734,-0.618433952331543
SDSS-II SN 14322,43.163883209228516,-19.1428279876709
SDSS-II SN 14329,-47.8538932800293,10.23182201385498
SDSS-II SN 14332,-75.18096923828125,-9.000181198120117
SDSS-II SN 14334,-31.200166702270508,23.736907958984375
SDSS-II SN 14335,-66.3511734008789,-1.7349865436553955
SDSS-II SN 14343,-7.480675220489502,4.399257183074951
SDSS-II SN 14347,-34.459434509277344,3.255467176437378
SDSS-II SN 14355,27.818836212158203,-43.601009368896484
SDSS-II SN 14357,36.505409240722656,-15.876446723937988
SDSS-II SN 14361,-46.820743560791016,-30.79509925842285
SDSS-II SN 14375,12.462983131408691,-9.257789611816406
SDSS-II SN 14400,-64.42474365234375,-12.675516128540039
SDSS-II SN 14415,-52.16932678222656,0.007464427500963211
SDSS-II SN 14429,29.063528060913086,-22.459251403808594
SDSS-II SN 14438,-19.411060333251953,18.234006881713867
SDSS-II SN 14444,42.0638313293457,17.741615295410156
SDSS-II SN 14452,42.58475875854492,14.212974548339844
SDSS-II SN 14453,24.883384704589844,-1.6348059177398682
SDSS-II SN 14455,37.587581634521484,-17.055500030517578
SDSS-II SN 14461,-56.04037094116211,-24.99739646911621
SDSS-II SN 14463,-14.604950904846191,17.392358779907227
SDSS-II SN 14467,13.08892822265625,3.603541135787964
SDSS-II SN 14470,7.437307357788086,22.356042861938477
SDSS-II SN 14472,-45.4281120300293,-20.03276824951172
SDSS-II SN 14475,-1.040280818939209,-15.490592002868652
SDSS-II SN 14478,64.7048568725586,-8.384130477905273
SDSS-II SN 14496,29.20165252685547,-26.88572883605957
SDSS-II SN 14498,26.39336585998535,3.53741192817688
SDSS-II SN 14505,39.88483428955078,-17.36433982849121
SDSS-II SN 14522,50.98100662231445,1.7481131553649902
SDSS-II SN 14528,-29.365938186645508,0.33871254324913025
SDSS-II SN 14531,37.4822998046875,-6.2713398933410645
SDSS-II SN 14539,52.20338439941406,3.506788492202759
SDSS-II SN 14540,-7.049705982208252,25.83727264404297
SDSS-II SN 1456,-55.264835357666016,-12.321496963500977
SDSS-II SN 14561,60.97270202636719,-3.421281337738037
SDSS-II SN 14577,-38.97480392456055,6.8398895263671875
SDSS-II SN 14589,50.8028678894043,12.901954650878906
SDSS-II SN 14635,18.67382049560547,-10.551645278930664
SDSS-II SN 14638,19.237850189208984,-9.508235931396484
SDSS-II SN 14639,-68.31756591796875,-15.002527236938477
SDSS-II SN 14658,-80.4815673828125,-4.089484691619873
SDSS-II SN 14661,71.65267181396484,15.228665351867676
SDSS-II SN 1470,-56.94808578491211,-10.955906867980957
SDSS-II SN 14744,-47.95347213745117,-26.995100021362305
SDSS-II SN 14750,16.89779281616211,15.821327209472656
SDSS-II SN 14751,8.53343391418457,16.690349578857422
SDSS-II SN 14784,-8.611946105957031,6.635288715362549
SDSS-II SN 14786,40.006778717041016,-15.310409545898438
SDSS-II SN 14792,-51.42034912109375,-25.956790924072266
SDSS-II SN 14809,24.493408203125,-0.9950166344642639
SDSS-II SN 14821,25.714061737060547,12.094766616821289
SDSS-II SN 14827,31.171630859375,-18.718387603759766
SDSS-II SN 14833,-40.08352279663086,-27.06574058532715
SDSS-II SN 14859,-66.88313293457031,7.25724458694458
SDSS-II SN 14876,47.15744400024414,15.49592399597168
SDSS-II SN 14883,-29.14024543762207,-1.3220020532608032
SDSS-II SN 14888,-8.937546730041504,-0.7778249979019165
SDSS-II SN 14900,45.89413833618164,-9.259723663330078
SDSS-II SN 14907,59.460182189941406,-8.970797538757324
SDSS-II SN 14916,38.17809295654297,-14.134735107421875
SDSS-II SN 14960,-71.97354888916016,-15.137531280517578
SDSS-II SN 14963,48.715675354003906,-21.18581771850586
SDSS-II SN 14964,38.0565299987793,18.32293701171875
SDSS-II SN 14965,-8.500117301940918,4.408250331878662
SDSS-II SN 14966,-62.534912109375,-2.0813825130462646
SDSS-II SN 14978,31.81654167175293,-29.578500747680664
SDSS-II SN 14988,56.715118408203125,-19.12447738647461
SDSS-II SN 1500,29.179244995117188,-46.33877182006836
SDSS-II SN 1504,30.29063606262207,-24.984453201293945
SDSS-II SN 15048,68.54024505615234,17.768657684326172
SDSS-II SN 15055,-0.37281709909439087,1.5720798969268799
SDSS-II SN 15080,58.727027893066406,-2.4380927085876465
SDSS-II SN 15103,44.32413101196289,-5.403778553009033
SDSS-II SN 15104,18.410531997680664,32.12421417236328
SDSS-II SN 15108,-34.125091552734375,-8.822232246398926
SDSS-II SN 15119,31.72765350341797,-11.756794929504395
SDSS-II SN 1513,-80.51785278320312,-1.0500516891479492
SDSS-II SN 15137,41.337867736816406,-0.41799166798591614
SDSS-II SN 15160,-13.648107528686523,-16.144174575805664
SDSS-II SN 15177,28.097740173339844,-44.072391510009766
SDSS-II SN 15198,-22.252710342407227,-1.7294516563415527
SDSS-II SN 15239,3.7850449085235596,-14.087382316589355
SDSS-II SN 15255,60.01206588745117,-7.653591632843018
SDSS-II SN 15263,50.55136489868164,-13.024438858032227
SDSS-II SN 15268,49.989200592041016,14.34138011932373
SDSS-II SN 15272,-28.348140716552734,-3.969231128692627
SDSS-II SN 15286,11.864930152893066,32.81217575073242
SDSS-II SN 15289,49.61673355102539,-1.763096570968628
SDSS-II SN 15303,48.41112518310547,18.711135864257812
SDSS-II SN 15309,60.650421142578125,8.330815315246582
SDSS-II SN 15314,57.40141677856445,22.15151023864746
SDSS-II SN 15319,-34.45458984375,22.33214569091797
SDSS-II SN 15324,8.234933853149414,-22.40536880493164
SDSS-II SN 15331,-54.83599090576172,-21.058887481689453
SDSS-II SN 1535,-58.598854064941406,-6.444272518157959
SDSS-II SN 15357,-21.866308212280273,-0.36219245195388794
SDSS-II SN 15358,-50.57338333129883,13.16993236541748
SDSS-II SN 1536,-76.65743255615234,-14.339096069335938
SDSS-II SN 15360,-35.821083068847656,22.37465476989746
SDSS-II SN 15385,55.723419189453125,-11.933886528015137
SDSS-II SN 15413,38.05387496948242,-40.55400085449219
SDSS-II SN 15418,48.41592025756836,-18.86985969543457
SDSS-II SN 15419,8.301482200622559,19.791244506835938
SDSS-II SN 15428,8.861065864562988,-21.56476593017578
SDSS-II SN 15448,16.685161590576172,7.207231044769287
SDSS-II SN 15454,-31.82067108154297,10.435187339782715
SDSS-II SN 15455,64.51493072509766,4.719923496246338
SDSS-II SN 15470,-28.293193817138672,30.2114200592041
SDSS-II SN 15486,62.04159927368164,3.7146730422973633
SDSS-II SN 15489,43.24064254760742,-6.288365840911865
SDSS-II SN 15496,-3.3400540351867676,23.654762268066406
SDSS-II SN 15505,32.571781158447266,-18.521480560302734
SDSS-II SN 15511,-28.283891677856445,9.465442657470703
SDSS-II SN 15522,21.28053092956543,16.327056884765625
SDSS-II SN 15523,-45.4114875793457,16.576828002929688
SDSS-II SN 15525,56.147281646728516,-11.811308860778809
SDSS-II SN 15526,15.948471069335938,6.060463905334473
SDSS-II SN 15529,63.47035217285156,-7.297664642333984
SDSS-II SN 15535,56.1275520324707,20.228147506713867
SDSS-II SN 15539,33.09101486206055,-4.3923163414001465
SDSS-II SN 15545,-37.92337417602539,-28.152421951293945
SDSS-II SN 15549,50.84468078613281,-0.5637916922569275
SDSS-II SN 15565,-68.96792602539062,-30.433576583862305
SDSS-II SN 15569,49.93307876586914,2.945974588394165
SDSS-II SN 15592,50.466670989990234,0.7629228830337524
SDSS-II SN 15606,55.76066589355469,21.86830711364746
SDSS-II SN 15607,-60.566810607910156,-10.441991806030273
SDSS-II SN 15647,63.152496337890625,-10.20022964477539
SDSS-II SN 15656,-51.555381774902344,-23.030319213867188
SDSS-II SN 15675,-17.93770980834961,10.276702880859375
SDSS-II SN 15692,21.683502197265625,-8.909669876098633
SDSS-II SN 15696,-45.02766036987305,13.4218111038208
SDSS-II SN 15697,-1.0866557359695435,-5.283333778381348
SDSS-II SN 15726,-34.893638610839844,-4.233351707458496
SDSS-II SN 15730,62.15882110595703,-10.563591957092285
SDSS-II SN 15737,59.42954635620117,-10.158207893371582
SDSS-II SN 15745,66.74018859863281,-2.2071287631988525
SDSS-II SN 15751,55.32999801635742,0.20584769546985626
SDSS-II SN 15755,-26.567880630493164,3.496541738510132
SDSS-II SN 15761,48.975311279296875,7.6818318367004395
SDSS-II SN 15777,13.713726043701172,0.9122956395149231
SDSS-II SN 15782,27.37085723876953,-10.421459197998047
SDSS-II SN 15784,14.325116157531738,1.0637097358703613
SDSS-II SN 15793,17.06807518005371,6.87865686416626
SDSS-II SN 15807,17.25060272216797,-11.203953742980957
SDSS-II SN 15814,-35.161197662353516,3.426374912261963
SDSS-II SN 15827,-62.03271484375,-21.652050018310547
SDSS-II SN 15829,12.935824394226074,-6.719163417816162
SDSS-II SN 15855,30.842405319213867,17.749385833740234
SDSS-II SN 15860,9.246335983276367,20.91343879699707
SDSS-II SN 15874,39.771034240722656,-12.141983985900879
SDSS-II SN 15884,-2.24759840965271,5.352114677429199
SDSS-II SN 15900,-5.134013652801514,10.862554550170898
SDSS-II SN 15903,67.4148178100586,7.565518856048584
SDSS-II SN 15913,-74.3775634765625,-18.211030960083008
SDSS-II SN 15914,34.3341178894043,13.042417526245117
SDSS-II SN 15915,15.00009822845459,14.73486614227295
SDSS-II SN 15935,-45.505043029785156,2.439556837081909
SDSS-II SN 15942,57.39155197143555,-9.736358642578125
SDSS-II SN 15944,55.6697883605957,-1.3324123620986938
SDSS-II SN 15958,-52.62583923339844,-23.74175453186035
SDSS-II SN 15967,53.58803939819336,-14.077914237976074
SDSS-II SN 15988,-34.3371467590332,-5.284140110015869
SDSS-II SN 15990,40.81863021850586,10.84836483001709
SDSS-II SN 15992,47.957576751708984,1.1104578971862793
SDSS-II SN 16001,-16.879703521728516,-12.302160263061523
SDSS-II SN 16015,-4.107213020324707,7.54833459854126
SDSS-II SN 16046,-42.3686637878418,-29.31035041809082
SDSS-II SN 16048,-2.785085678100586,-29.967561721801758
SDSS-II SN 16052,26.697050094604492,-10.791036605834961
SDSS-II SN 1609,-67.43517303466797,-1.9645214080810547
SDSS-II SN 16091,49.806209564208984,12.974204063415527
SDSS-II SN 16094,-31.65425682067871,11.979501724243164
SDSS-II SN 16098,0.5318484306335449,-19.778913497924805
SDSS-II SN 16111,56.78167724609375,-2.9296271800994873
SDSS-II SN 16123,-72.3311538696289,-14.572134971618652
SDSS-II SN 16138,44.79151916503906,-15.540227890014648
SDSS-II SN 16142,64.63277435302734,2.7246031761169434
SDSS-II SN 16148,56.976497650146484,-1.9858731031417847
SDSS-II SN 16160,57.177886962890625,10.490453720092773
SDSS-II SN 16172,59.90435791015625,-6.471926212310791
SDSS-II SN 16193,13.611104965209961,14.95993709564209
SDSS-II SN 16199,48.46786880493164,-8.278656005859375
SDSS-II SN 16200,28.744104385375977,22.809587478637695
SDSS-II SN 16202,-2.6037960052490234,-26.587099075317383
SDSS-II SN 1622,-69.59717559814453,-2.3922719955444336
SDSS-II SN 16220,34.30618667602539,-8.814048767089844
SDSS-II SN 16225,38.625152587890625,-12.357314109802246
SDSS-II SN 16236,-49.920387268066406,-28.793912887573242
SDSS-II SN 16237,55.64848327636719,5.837752819061279
SDSS-II SN 16238,56.60508346557617,-7.223653793334961
SDSS-II SN 16247,64.06951904296875,-13.067977905273438
SDSS-II SN 16301,69.5849838256836,8.593295097351074
SDSS-II SN 16302,63.19718551635742,18.052274703979492
SDSS-II SN 16356,67.4091796875,13.789632797241211
SDSS-II SN 16360,36.00146484375,10.824271202087402
SDSS-II SN 16391,51.371639251708984,26.317171096801758
SDSS-II SN 16412,14.45653247833252,50.220890045166016
SDSS-II SN 16417,33.911319732666016,-7.702460289001465
SDSS-II SN 16431,62.245208740234375,-9.10366153717041
SDSS-II SN 16433,32.08640670776367,-9.27946662902832
SDSS-II SN 16436,54.16434860229492,3.0646884441375732
SDSS-II SN 16439,72.45906066894531,11.697383880615234
SDSS-II SN 1644,33.26502990722656,-45.4752197265625
SDSS-II SN 16457,-72.83998107910156,-0.7225145101547241
SDSS-II SN 16460,34.34005355834961,20.336721420288086
SDSS-II SN 16467,64.23175048828125,16.49618148803711
SDSS-II SN 16468,53.87101364135742,-13.451111793518066
SDSS-II SN 16472,22.630048751831055,7.561951160430908
SDSS-II SN 16478,54.85007858276367,-16.13500213623047
SDSS-II SN 16565,65.48062133789062,9.64533519744873
SDSS-II SN 16572,60.31515121459961,18.727758407592773
SDSS-II SN 1658,-0.783229649066925,2.2047717571258545
SDSS-II SN 16582,27.001312255859375,-18.67881965637207
SDSS-II SN 16584,31.80138397216797,-17.624685287475586
SDSS-II SN 16586,64.0088119506836,10.736825942993164
SDSS-II SN 16603,67.31282806396484,23.048551559448242
SDSS-II SN 16652,51.115291595458984,22.88916778564453
SDSS-II SN 16711,67.68604278564453,8.645478248596191
SDSS-II SN 16739,61.26067352294922,19.870691299438477
SDSS-II SN 16742,59.546875,20.8539981842041
SDSS-II SN 16759,48.940223693847656,17.3583984375
SDSS-II SN 16768,72.19640350341797,10.52029037475586
SDSS-II SN 16838,64.30621337890625,26.556692123413086
SDSS-II SN 16841,33.558658599853516,-13.928525924682617
SDSS-II SN 16849,69.73393249511719,21.316604614257812
SDSS-II SN 1686,-57.06301498413086,-3.7793965339660645
SDSS-II SN 16866,-26.848480224609375,31.052614212036133
SDSS-II SN 16867,71.11592864990234,20.621030807495117
SDSS-II SN 16937,-54.34263610839844,-18.911474227905273
SDSS-II SN 16945,25.913105010986328,-24.052570343017578
SDSS-II SN 16957,54.37587356567383,-19.18916893005371
SDSS-II SN 16977,56.660789489746094,-14.396405220031738
SDSS-II SN 16984,65.24846649169922,8.041011810302734
SDSS-II SN 1706,-83.88262176513672,-1.8064996004104614
SDSS-II SN 17219,28.319581985473633,-55.18887710571289
SDSS-II SN 17272,-35.103248596191406,-35.30472946166992
SDSS-II SN 17292,-76.19751739501953,4.655086994171143
SDSS-II SN 17303,-36.449546813964844,-40.102298736572266
SDSS-II SN 17317,-77.77798461914062,-19.212312698364258
SDSS-II SN 17322,33.0366325378418,-45.083160400390625
SDSS-II SN 17324,11.715736389160156,-13.91580867767334
SDSS-II SN 17337,-31.316606521606445,-23.44335174560547
SDSS-II SN 17339,-81.88685607910156,0.06537329405546188
SDSS-II SN 17371,-48.1853141784668,-15.937028884887695
SDSS-II SN 17373,-39.10842514038086,-39.822391510009766
SDSS-II SN 17374,-34.44517135620117,-23.363073348999023
SDSS-II SN 17393,27.648773193359375,-46.97379684448242
SDSS-II SN 17396,-53.97492218017578,-12.242782592773438
SDSS-II SN 17422,-17.295886993408203,28.29800033569336
SDSS-II SN 17433,-43.967430114746094,-25.344816207885742
SDSS-II SN 17436,-68.46256256103516,-10.343941688537598
SDSS-II SN 17455,-31.877723693847656,-23.505596160888672
SDSS-II SN 17465,-39.7070198059082,-26.389060974121094
SDSS-II SN 17466,-54.15163040161133,-4.1944355964660645
SDSS-II SN 17487,-54.973323822021484,-22.091732025146484
SDSS-II SN 1750,-49.113582611083984,-30.27859115600586
SDSS-II SN 17508,30.349529266357422,-49.60393524169922
SDSS-II SN 17509,-81.99589538574219,-2.730624198913574
SDSS-II SN 17526,-67.93952178955078,-0.4849352240562439
SDSS-II SN 17539,-36.624549865722656,-38.46391296386719
SDSS-II SN 17542,30.215044021606445,-46.65962600708008
SDSS-II SN 17577,-10.16168212890625,11.905678749084473
SDSS-II SN 1762,27.089658737182617,-19.653980255126953
SDSS-II SN 17641,-45.05316162109375,-3.024749994277954
SDSS-II SN 17644,-41.01835250854492,15.960740089416504
SDSS-II SN 17647,-10.237955093383789,9.074305534362793
SDSS-II SN 17682,30.87411880493164,-50.46707534790039
SDSS-II SN 17695,-22.30422019958496,10.723838806152344
SDSS-II SN 17696,-60.065757751464844,10.317926406860352
SDSS-II SN 17729,-74.38311767578125,-15.059921264648438
SDSS-II SN 1773,-15.396214485168457,-33.16453552246094
SDSS-II SN 17739,-63.6904296875,-12.361766815185547
SDSS-II SN 17756,-83.13190460205078,-0.6848201751708984
SDSS-II SN 17773,30.803743362426758,21.486148834228516
SDSS-II SN 17776,-36.96173858642578,-23.950998306274414
SDSS-II SN 17781,-42.58754348754883,14.046140670776367
SDSS-II SN 17789,-82.73849487304688,-7.8683671951293945
SDSS-II SN 17793,-77.92254638671875,-3.126349687576294
SDSS-II SN 17818,-75.99388122558594,0.18050168454647064
SDSS-II SN 1782,26.690237045288086,-29.263145446777344
SDSS-II SN 17820,-6.527353286743164,3.7438137531280518
SDSS-II SN 17829,58.394351959228516,4.510412216186523
SDSS-II SN 1783,32.19226837158203,-15.096766471862793
SDSS-II SN 17845,-73.44373321533203,-8.9367094039917
SDSS-II SN 17851,-48.853214263916016,-30.607009887695312
SDSS-II SN 17882,9.707557678222656,22.518400192260742
SDSS-II SN 17898,-43.8651123046875,-30.727632522583008
SDSS-II SN 17899,-11.965489387512207,2.2961223125457764
SDSS-II SN 17906,-13.117753028869629,21.881919860839844
SDSS-II SN 17925,-4.107151031494141,3.0035791397094727
SDSS-II SN 17928,1.325229525566101,0.5102918744087219
SDSS-II SN 17949,-24.287635803222656,-4.245515823364258
SDSS-II SN 17952,0.27865538001060486,-0.30870383977890015
SDSS-II SN 17958,-2.210421323776245,20.141565322875977
SDSS-II SN 17965,-13.398229598999023,-14.33155632019043
SDSS-II SN 17967,-6.004817962646484,5.287599086761475
SDSS-II SN 17997,-66.07086181640625,-2.8871872425079346
SDSS-II SN 18047,40.27027893066406,-4.41592264175415
SDSS-II SN 18048,-57.093170166015625,10.721364974975586
SDSS-II SN 18067,23.62558364868164,-25.966171264648438
SDSS-II SN 18077,-64.595703125,-21.456018447875977
SDSS-II SN 1810,26.310659408569336,-56.42905807495117
SDSS-II SN 18140,-79.7577133178711,-6.109567642211914
SDSS-II SN 18146,36.0772819519043,-18.259428024291992
SDSS-II SN 18166,-79.50716400146484,-7.19709587097168
SDSS-II SN 18170,17.816680908203125,-7.114896297454834
SDSS-II SN 18187,-56.18623733520508,-18.200733184814453
SDSS-II SN 1821,-55.659732818603516,-5.352891445159912
SDSS-II SN 18228,-56.17084503173828,4.1320881843566895
SDSS-II SN 1823,26.915098190307617,-55.23909378051758
SDSS-II SN 18243,-19.090272903442383,-3.2677011489868164
SDSS-II SN 18253,-1.747848629951477,-13.23319149017334
SDSS-II SN 18266,-82.74774932861328,-6.420432090759277
SDSS-II SN 18268,-76.35214233398438,-7.696861743927002
SDSS-II SN 18269,-55.275264739990234,-27.343597412109375
SDSS-II SN 18273,25.211589813232422,1.994983434677124
SDSS-II SN 18276,-1.5974892377853394,-9.380453109741211
SDSS-II SN 18291,-62.44744110107422,-9.863654136657715
SDSS-II SN 18301,1.3678932189941406,-7.895001411437988
SDSS-II SN 18311,26.699007034301758,-30.7313232421875
SDSS-II SN 18321,-50.64419174194336,14.694046974182129
SDSS-II SN 18324,0.4262336194515228,1.0338261127471924
SDSS-II SN 18339,25.922672271728516,-3.423555850982666
SDSS-II SN 18360,-70.1430435180664,-0.6686241626739502
SDSS-II SN 18365,-54.309261322021484,-24.27484130859375
SDSS-II SN 18374,-18.27387809753418,18.06163787841797
SDSS-II SN 18376,-64.74114227294922,-13.703615188598633
SDSS-II SN 18380,33.20515060424805,-49.23937225341797
SDSS-II SN 18391,72.8050537109375,9.193876266479492
SDSS-II SN 18393,37.898704528808594,-25.085872650146484
SDSS-II SN 18399,-45.419273376464844,-16.571876525878906
SDSS-II SN 18405,9.500993728637695,-8.415947914123535
SDSS-II SN 18425,-59.06708908081055,10.3294677734375
SDSS-II SN 18447,-50.79922103881836,-30.174043655395508
SDSS-II SN 18454,-33.80723190307617,-7.763600826263428
SDSS-II SN 18459,-64.02748107910156,5.163791656494141
SDSS-II SN 18479,-31.559520721435547,-3.1574480533599854
SDSS-II SN 18582,-28.547855377197266,-1.160930871963501
SDSS-II SN 18589,21.609405517578125,-12.339521408081055
SDSS-II SN 18601,-65.68209838867188,-11.46976089477539
SDSS-II SN 18615,41.896331787109375,-24.794082641601562
SDSS-II SN 18644,-32.545654296875,16.940765380859375
SDSS-II SN 1866,-30.154672622680664,-25.245920181274414
SDSS-II SN 18666,7.617902755737305,1.0789062976837158
SDSS-II SN 18688,-58.356388092041016,-18.313106536865234
SDSS-II SN 18691,-80.75765228271484,-5.353665351867676
SDSS-II SN 18693,-69.09951782226562,-13.60411548614502
SDSS-II SN 18704,9.181684494018555,-11.697907447814941
SDSS-II SN 18718,-52.13347625732422,-5.729305744171143
SDSS-II SN 18722,11.464509963989258,-4.640819072723389
SDSS-II SN 18733,-68.18892669677734,7.591374397277832
SDSS-II SN 18779,-44.4742317199707,-16.314237594604492
SDSS-II SN 18780,24.63443946838379,-30.303836822509766
SDSS-II SN 18812,-55.82294845581055,-22.27676010131836
SDSS-II SN 18814,-44.78557205200195,-18.574121475219727
SDSS-II SN 18823,-49.45014953613281,-26.99628448486328
SDSS-II SN 18824,-12.700654983520508,-7.247653961181641
SDSS-II SN 18832,-46.03084945678711,-17.9205265045166
SDSS-II SN 18836,-13.440855026245117,-24.33152961730957
SDSS-II SN 18898,-36.5727653503418,23.812246322631836
SDSS-II SN 18914,-70.49180603027344,5.2240519523620605
SDSS-II SN 18917,-0.28727081418037415,-11.63923168182373
SDSS-II SN 18935,-55.763450622558594,-19.995155334472656
SDSS-II SN 18941,21.333459854125977,-11.815824508666992
SDSS-II SN 18943,8.287883758544922,-7.846019744873047
SDSS-II SN 18952,25.135955810546875,-0.22124898433685303
SDSS-II SN 18970,-79.07662200927734,-8.812047958374023
SDSS-II SN 18971,59.27404022216797,2.513737678527832
SDSS-II SN 18973,35.646324157714844,-16.572345733642578
SDSS-II SN 18978,-44.980289459228516,6.42901611328125
SDSS-II SN 18979,-42.37915802001953,3.313713550567627
SDSS-II SN 18982,-61.70997619628906,-24.37996482849121
SDSS-II SN 18990,29.56460952758789,2.9104671478271484
SDSS-II SN 18993,9.397177696228027,-6.7421369552612305
SDSS-II SN 19000,21.70528793334961,-4.8632731437683105
SDSS-II SN 19014,-35.89460754394531,-4.068675518035889
SDSS-II SN 19024,-33.5704460144043,-28.842514038085938
SDSS-II SN 1903,-53.5821533203125,12.642062187194824
SDSS-II SN 19030,6.461355686187744,-21.614368438720703
SDSS-II SN 19032,26.040302276611328,-16.309606552124023
SDSS-II SN 19034,-57.10264205932617,-22.65255355834961
SDSS-II SN 19045,-31.709569931030273,24.576967239379883
SDSS-II SN 19047,-57.32725524902344,-28.67371368408203
SDSS-II SN 19052,59.56775665283203,-1.532192349433899
SDSS-II SN 19065,-2.1616718769073486,-16.08515167236328
SDSS-II SN 19069,73.26197814941406,13.315427780151367
SDSS-II SN 19091,38.21812438964844,-21.671903610229492
SDSS-II SN 19137,-36.40902328491211,22.190587997436523
SDSS-II SN 19154,-48.02719497680664,-2.3001346588134766
SDSS-II SN 19175,40.776763916015625,-14.475740432739258
SDSS-II SN 19189,-60.52555847167969,-16.773880004882812
SDSS-II SN 19190,-51.98434066772461,-20.477649688720703
SDSS-II SN 19192,-71.88780212402344,-17.086591720581055
SDSS-II SN 19205,-26.9302978515625,8.53238296508789
SDSS-II SN 19209,-26.760957717895508,6.115537643432617
SDSS-II SN 1921,5.064638137817383,-13.106823921203613
SDSS-II SN 19212,17.994041442871094,-5.604100704193115
SDSS-II SN 19221,-46.62955856323242,-3.1295433044433594
SDSS-II SN 19308,48.13893508911133,-0.3497953712940216
SDSS-II SN 19319,-29.353527069091797,10.75557804107666
SDSS-II SN 19322,27.40250015258789,21.144752502441406
SDSS-II SN 19336,-36.45818328857422,-3.8651528358459473
SDSS-II SN 19338,24.836584091186523,7.243284702301025
SDSS-II SN 19339,15.380032539367676,-1.7537436485290527
SDSS-II SN 19344,-9.549322128295898,-25.548627853393555
SDSS-II SN 19346,32.7223014831543,-10.35407829284668
SDSS-II SN 19347,8.006962776184082,1.7674860954284668
SDSS-II SN 19350,71.91963958740234,18.685691833496094
SDSS-II SN 19352,-14.546343803405762,-13.8407564163208
SDSS-II SN 19387,-75.10933685302734,-3.2416305541992188
SDSS-II SN 19395,-56.581512451171875,4.984450817108154
SDSS-II SN 19399,-30.792739868164062,-0.47945138812065125
SDSS-II SN 19408,35.05720520019531,-17.574256896972656
SDSS-II SN 19424,59.4937629699707,-17.77378273010254
SDSS-II SN 19428,-8.81447982788086,19.565502166748047
SDSS-II SN 19434,62.62262725830078,-4.448857307434082
SDSS-II SN 19438,-55.689247131347656,-14.52090835571289
SDSS-II SN 19461,-31.682294845581055,-0.2126396894454956
SDSS-II SN 19465,26.960020065307617,-26.949979782104492
SDSS-II SN 19467,54.89080047607422,10.01904296875
SDSS-II SN 19468,28.431354522705078,-13.495783805847168
SDSS-II SN 19487,-77.8684310913086,-9.398314476013184
SDSS-II SN 19490,24.760831832885742,12.458250045776367
SDSS-II SN 19499,39.96316909790039,19.371854782104492
SDSS-II SN 19504,66.76947021484375,-2.1907081604003906
SDSS-II SN 19510,27.527576446533203,-32.0116081237793
SDSS-II SN 19517,61.45635986328125,-17.197914123535156
SDSS-II SN 19530,-45.559181213378906,-29.830524444580078
SDSS-II SN 19539,-64.7401351928711,-20.602672576904297
SDSS-II SN 19555,12.563206672668457,-18.59774398803711
SDSS-II SN 19573,51.176536560058594,7.988522052764893
SDSS-II SN 19575,20.028005599975586,12.384817123413086
SDSS-II SN 19582,57.31037139892578,-16.728899002075195
SDSS-II SN 19636,-31.74364471435547,-5.40062952041626
SDSS-II SN 19645,-29.81877326965332,28.231592178344727
SDSS-II SN 19682,-60.02280807495117,-19.281198501586914
SDSS-II SN 19699,-76.57246398925781,-5.087722301483154
SDSS-II SN 19711,-17.80237579345703,-11.565770149230957
SDSS-II SN 19721,25.491485595703125,-31.60128402709961
SDSS-II SN 19723,24.328432083129883,14.766341209411621
SDSS-II SN 19725,-28.224233627319336,31.632762908935547
SDSS-II SN 19733,-74.14728546142578,-1.1271332502365112
SDSS-II SN 19748,-60.60408020019531,-14.83178424835205
SDSS-II SN 19764,56.163116455078125,-15.561360359191895
SDSS-II SN 19769,61.647151947021484,-4.415295600891113
SDSS-II SN 19772,55.86066818237305,6.9590582847595215
SDSS-II SN 19776,36.4041633605957,-21.525726318359375
SDSS-II SN 19778,-52.86240768432617,6.756546497344971
SDSS-II SN 19780,39.285430908203125,8.946311950683594
SDSS-II SN 19781,-58.68167495727539,-24.17245864868164
SDSS-II SN 19784,61.214473724365234,-14.318971633911133
SDSS-II SN 1979,26.19622039794922,-25.5727596282959
SDSS-II SN 1980,-67.46058654785156,-23.71428871154785
SDSS-II SN 19804,28.20248031616211,-1.0517151355743408
SDSS-II SN 19848,-3.0735254287719727,2.853827476501465
SDSS-II SN 1991,28.962608337402344,-24.718021392822266
SDSS-II SN 19986,4.630441665649414,-3.501229763031006
SDSS-II SN 19987,30.567039489746094,4.392146587371826
SDSS-II SN 20033,23.66161346435547,7.733270168304443
SDSS-II SN 20043,-14.057506561279297,2.448258876800537
SDSS-II SN 20045,-46.54507827758789,-26.21027946472168
SDSS-II SN 20046,45.74257278442383,15.036149978637695
SDSS-II SN 20065,60.33070373535156,-9.380112648010254
SDSS-II SN 20090,-19.409263610839844,9.12845516204834
SDSS-II SN 20128,-1.3077045679092407,-7.449674129486084
SDSS-II SN 20141,61.416011810302734,2.7006304264068604
SDSS-II SN 20171,-26.518470764160156,6.7621169090271
SDSS-II SN 20217,27.372743606567383,8.953072547912598
SDSS-II SN 20218,-27.664148330688477,30.51186752319336
SDSS-II SN 20231,60.293617248535156,2.219846725463867
SDSS-II SN 20251,19.596776962280273,12.411739349365234
SDSS-II SN 20257,55.53384017944336,3.4605939388275146
SDSS-II SN 20266,-77.71162414550781,-11.102670669555664
SDSS-II SN 20272,37.22005081176758,-12.928596496582031
SDSS-II SN 20273,32.88895797729492,-11.54023265838623
SDSS-II SN 20278,-15.729970932006836,-12.781744956970215
SDSS-II SN 20301,64.56380462646484,-12.201687812805176
SDSS-II SN 20323,61.841796875,-0.19071491062641144
SDSS-II SN 20324,-64.76339721679688,-19.801761627197266
SDSS-II SN 20334,-12.025964736938477,13.030811309814453
SDSS-II SN 20360,31.621898651123047,-31.6661319732666
SDSS-II SN 20369,27.251182556152344,-28.672481536865234
SDSS-II SN 20380,32.11338806152344,-30.166797637939453
SDSS-II SN 20394,0.978153645992279,-7.618906021118164
SDSS-II SN 20397,-28.7565860748291,28.852705001831055
SDSS-II SN 20399,37.602752685546875,22.08556365966797
SDSS-II SN 20408,-1.2685446739196777,-9.057828903198242
SDSS-II SN 20411,33.59013366699219,-9.51758098602295
SDSS-II SN 2042,-64.61161041259766,-4.058573246002197
SDSS-II SN 20467,33.83488464355469,20.868661880493164
SDSS-II SN 20491,41.777584075927734,14.848371505737305
SDSS-II SN 20496,-1.917206048965454,9.13945198059082
SDSS-II SN 20497,-1.9377835988998413,-3.132827043533325
SDSS-II SN 2050,-80.7790298461914,-11.089314460754395
SDSS-II SN 20501,8.851221084594727,-6.786490440368652
SDSS-II SN 20514,27.280487060546875,-15.02635669708252
SDSS-II SN 20517,42.89942932128906,17.218971252441406
SDSS-II SN 20542,41.68252944946289,24.55894660949707
SDSS-II SN 20553,57.084556579589844,1.920498013496399
SDSS-II SN 20561,-75.44910430908203,-1.2115211486816406
SDSS-II SN 20572,-27.751188278198242,-5.806811809539795
SDSS-II SN 20590,66.29814910888672,16.14739418029785
SDSS-II SN 20591,-10.36238956451416,-21.357316970825195
SDSS-II SN 20596,64.6551513671875,-10.02077579498291
SDSS-II SN 20603,-59.1824836730957,-12.910179138183594
SDSS-II SN 20604,57.52128219604492,-20.17219352722168
SDSS-II SN 20613,32.31043243408203,-12.742242813110352
SDSS-II SN 20615,-34.282684326171875,25.22685432434082
SDSS-II SN 20617,-60.03495407104492,-12.021347045898438
SDSS-II SN 2063,-73.25666046142578,4.58738899230957
SDSS-II SN 20663,28.349952697753906,20.97243309020996
SDSS-II SN 20686,-51.37233352661133,-25.180994033813477
SDSS-II SN 20719,49.38890075683594,-0.9150143265724182
SDSS-II SN 20721,59.01603317260742,9.752732276916504
SDSS-II SN 20727,35.40219497680664,-7.954712390899658
SDSS-II SN 2078,26.667436599731445,-27.787586212158203
SDSS-II SN 20791,58.65461349487305,-3.5265414714813232
SDSS-II SN 20805,31.354963302612305,-6.400437355041504
SDSS-II SN 20806,55.29623794555664,-25.083290100097656
SDSS-II SN 20819,-8.022995948791504,11.411949157714844
SDSS-II SN 20820,-38.78188705444336,-28.549232482910156
SDSS-II SN 20837,-59.90641403198242,-11.097044944763184
SDSS-II SN 20853,70.5951156616211,13.438255310058594
SDSS-II SN 20870,33.23246383666992,0.04302608221769333
SDSS-II SN 20874,54.1300163269043,11.855494499206543
SDSS-II SN 20877,-52.232765197753906,-25.201082229614258
SDSS-II SN 20891,33.835479736328125,-0.13812269270420074
SDSS-II SN 20895,47.704254150390625,-7.434988021850586
SDSS-II SN 20905,31.29482078552246,16.235036849975586
SDSS-II SN 20916,34.6526985168457,-10.134612083435059
SDSS-II SN 20920,65.20999145507812,3.773750066757202
SDSS-II SN 20925,28.844148635864258,-31.95831871032715
SDSS-II SN 20926,61.380672454833984,10.331947326660156
SDSS-II SN 2093,-78.81377410888672,0.29807791113853455
SDSS-II SN 20932,57.125877380371094,-21.406192779541016
SDSS-II SN 20947,66.83946990966797,21.53957176208496
SDSS-II SN 20953,30.80756378173828,-8.101214408874512
SDSS-II SN 20956,47.69990921020508,16.483535766601562
SDSS-II SN 20965,18.21880531311035,3.013105630874634
SDSS-II SN 20968,-33.511314392089844,25.316909790039062
SDSS-II SN 20969,-4.604192733764648,-3.221013069152832
SDSS-II SN 20990,36.224483489990234,11.405348777770996
SDSS-II SN 20998,61.820655822753906,9.721328735351562
SDSS-II SN 21005,29.892454147338867,17.671688079833984
SDSS-II SN 21065,67.81072998046875,5.039602279663086
SDSS-II SN 21081,20.18342399597168,7.492957592010498
SDSS-II SN 2118,-71.51184844970703,-6.8448262214660645
SDSS-II SN 2128,-71.91556549072266,-0.19315969944000244
SDSS-II SN 21327,17.619579315185547,-19.537311553955078
SDSS-II SN 21356,1.6091294288635254,-4.870467662811279
SDSS-II SN 21359,-76.39146423339844,-10.777569770812988
SDSS-II SN 21360,48.8294792175293,16.398887634277344
SDSS-II SN 21380,25.512649536132812,-17.58423614501953
SDSS-II SN 21381,27.959104537963867,-17.288108825683594
SDSS-II SN 21389,29.97398567199707,-18.829191207885742
SDSS-II SN 21401,47.27122497558594,-0.038462765514850616
SDSS-II SN 21402,67.95841217041016,11.759809494018555
SDSS-II SN 21406,50.354061126708984,-9.13347053527832
SDSS-II SN 2143,-68.70478057861328,7.0070648193359375
SDSS-II SN 21478,-79.65454864501953,-4.991428375244141
SDSS-II SN 2148,-58.02899932861328,-5.495189666748047
SDSS-II SN 2149,18.01799774169922,-9.109896659851074
SDSS-II SN 21559,37.146461486816406,-24.9071044921875
SDSS-II SN 21582,42.51521301269531,-17.313451766967773
SDSS-II SN 21600,-60.096744537353516,-17.837249755859375
SDSS-II SN 2162,7.434682846069336,40.790863037109375
SDSS-II SN 21682,59.4283447265625,-18.78129768371582
SDSS-II SN 21709,59.39751434326172,18.97442626953125
SDSS-II SN 21711,54.34430694580078,15.15900993347168
SDSS-II SN 2183,-56.29563903808594,-11.755183219909668
SDSS-II SN 21874,53.094757080078125,-12.887933731079102
SDSS-II SN 21890,64.88873291015625,10.599186897277832
SDSS-II SN 2244,-57.81668472290039,-4.401544094085693
SDSS-II SN 2306,-60.431488037109375,-13.785268783569336
SDSS-II SN 2319,-14.05801773071289,29.36014175415039
SDSS-II SN 2325,-66.13723754882812,-12.043595314025879
SDSS-II SN 2329,-53.923973083496094,-17.447113037109375
SDSS-II SN 2350,-58.1019172668457,9.885876655578613
SDSS-II SN 2423,-47.560245513916016,11.256261825561523
SDSS-II SN 2450,24.455585479736328,-32.456966400146484
SDSS-II SN 2537,-5.690769672393799,-15.344881057739258
SDSS-II SN 2538,-64.79779052734375,-15.868612289428711
SDSS-II SN 2545,-43.669795989990234,9.685260772705078
SDSS-II SN 2551,-37.216087341308594,-30.725717544555664
SDSS-II SN 2615,-55.36005783081055,-18.09712028503418
SDSS-II SN 2620,-68.56173706054688,-5.417121410369873
SDSS-II SN 2621,-30.793210983276367,-24.170787811279297
SDSS-II SN 2630,30.234703063964844,-6.720011234283447
SDSS-II SN 2632,40.25644302368164,-7.259707927703857
SDSS-II SN 2651,-31.901805877685547,-19.718994140625
SDSS-II SN 2661,-36.15177536010742,-10.771862983703613
SDSS-II SN 2734,-18.12242317199707,19.086803436279297
SDSS-II SN 2746,-58.33845520019531,9.34338665008545
SDSS-II SN 2765,-77.86612701416016,-6.208087921142578
SDSS-II SN 2766,25.524364471435547,-52.07726287841797
SDSS-II SN 2784,58.19960403442383,0.8114041090011597
SDSS-II SN 2808,41.05862045288086,-13.73009967803955
SDSS-II SN 2809,-66.1033706665039,-29.49932289123535
SDSS-II SN 2855,-6.6814069747924805,16.067659378051758
SDSS-II SN 2912,30.444740295410156,-47.688751220703125
SDSS-II SN 2926,-10.88100814819336,3.557032346725464
SDSS-II SN 3050,-45.56633758544922,5.084989070892334
SDSS-II SN 3068,34.942771911621094,-14.021020889282227
SDSS-II SN 3077,-17.868371963500977,13.557177543640137
SDSS-II SN 3090,-78.82514953613281,-9.818452835083008
SDSS-II SN 3112,-56.592769622802734,-6.618481159210205
SDSS-II SN 3118,-35.10062789916992,-31.039535522460938
SDSS-II SN 3150,-13.86975383758545,-24.10151481628418
SDSS-II SN 3175,28.486387252807617,-28.264860153198242
SDSS-II SN 3184,-75.52262115478516,-13.585420608520508
SDSS-II SN 3196,-67.55168914794922,3.624898910522461
SDSS-II SN 3205,-18.60773277282715,16.780181884765625
SDSS-II SN 3223,-61.7679443359375,-3.3595845699310303
SDSS-II SN 3294,-47.481632232666016,13.263365745544434
SDSS-II SN 3341,63.31341552734375,2.138324022293091
SDSS-II SN 3344,-77.51002502441406,-18.358232498168945
SDSS-II SN 3368,-15.357500076293945,-7.5601043701171875
SDSS-II SN 3370,60.97013473510742,-8.206692695617676
SDSS-II SN 3417,34.861881256103516,23.702816009521484
SDSS-II SN 3506,-15.88007640838623,19.242830276489258
SDSS-II SN 3508,9.011059761047363,-12.464367866516113
SDSS-II SN 3514,-33.78321838378906,19.358205795288086
SDSS-II SN 3529,-76.22166442871094,-2.2136783599853516
SDSS-II SN 3533,-11.37082576751709,1.3933436870574951
SDSS-II SN 3535,-12.36156177520752,-11.258373260498047
SDSS-II SN 3543,26.87744903564453,14.887125968933105
SDSS-II SN 3558,28.037220001220703,-29.905065536499023
SDSS-II SN 3565,-9.272804260253906,17.417280197143555
SDSS-II SN 3669,47.23381805419922,-19.517841339111328
SDSS-II SN 3674,-12.419756889343262,16.20306968688965
SDSS-II SN 3881,-26.452539443969727,11.934136390686035
SDSS-II SN 3945,23.043310165405273,8.927635192871094
SDSS-II SN 3957,12.200726509094238,-4.774905681610107
SDSS-II SN 3959,59.34961700439453,-5.462974548339844
SDSS-II SN 3983,1.6266452074050903,-5.139579772949219
SDSS-II SN 4017,-66.73651885986328,5.667151927947998
SDSS-II SN 4019,-18.215307235717773,3.776590585708618
SDSS-II SN 4044,45.233665466308594,-12.59919261932373
SDSS-II SN 4048,-28.756006240844727,4.5180840492248535
SDSS-II SN 4054,47.06223678588867,-17.60565185546875
SDSS-II SN 4059,64.0064697265625,9.659346580505371
SDSS-II SN 4062,-57.76866912841797,11.809463500976562
SDSS-II SN 4104,-36.97633361816406,-31.003459930419922
SDSS-II SN 4129,34.645511627197266,-15.315048217773438
SDSS-II SN 4181,-29.805681228637695,25.310970306396484
SDSS-II SN 4211,-32.4117431640625,16.578916549682617
SDSS-II SN 4226,-79.8260269165039,-9.434036254882812
SDSS-II SN 4229,5.9380083084106445,-2.0545012950897217
SDSS-II SN 4231,-64.43582153320312,-28.63467788696289
SDSS-II SN 4236,22.627470016479492,-0.967508852481842
SDSS-II SN 4293,-49.61410140991211,-32.15953063964844
SDSS-II SN 4307,-13.497111320495605,16.706815719604492
SDSS-II SN 4330,-79.58257293701172,-16.859621047973633
SDSS-II SN 4333,-49.04228591918945,-4.6741509437561035
SDSS-II SN 4360,-11.161376953125,5.514137268066406
SDSS-II SN 4375,-75.71331024169922,-6.7824506759643555
SDSS-II SN 4397,-64.86627960205078,-16.41139793395996
SDSS-II SN 4465,-79.40623474121094,-3.000502586364746
SDSS-II SN 4484,-27.969501495361328,28.185523986816406
SDSS-II SN 4534,-48.86271286010742,-28.730688095092773
SDSS-II SN 4540,50.515560150146484,-12.918974876403809
SDSS-II SN 4557,67.62711334228516,10.744107246398926
SDSS-II SN 4627,-41.0625114440918,13.771077156066895
SDSS-II SN 4640,-66.55303192138672,-21.75094985961914
SDSS-II SN 4651,27.27458953857422,7.835453987121582
SDSS-II SN 4652,-81.6068115234375,-1.8232829570770264
SDSS-II SN 4655,-56.50452423095703,10.923505783081055
SDSS-II SN 4664,-47.893863677978516,-1.689170479774475
SDSS-II SN 4669,6.777933120727539,-19.620853424072266
SDSS-II SN 4682,69.85401153564453,4.255444526672363
SDSS-II SN 4714,3.8410463333129883,-17.434505462646484
SDSS-II SN 4768,-61.252037048339844,-24.873092651367188
SDSS-II SN 4803,36.890869140625,-7.7523112297058105
SDSS-II SN 4864,-48.693267822265625,0.9042673110961914
SDSS-II SN 4888,-76.29674530029297,1.5500658750534058
SDSS-II SN 4906,-9.695794105529785,11.788208961486816
SDSS-II SN 4907,35.667659759521484,-9.053017616271973
SDSS-II SN 4953,20.829504013061523,10.977865219116211
SDSS-II SN 4966,-11.674508094787598,-0.1390647441148758
SDSS-II SN 4978,23.125980377197266,4.532258033752441
SDSS-II SN 5001,65.56485748291016,28.143949508666992
SDSS-II SN 5235,13.021003723144531,18.830379486083984
SDSS-II SN 5314,-80.88863372802734,2.1558492183685303
SDSS-II SN 5363,24.388198852539062,4.562141418457031
SDSS-II SN 5383,-57.330543518066406,8.227727890014648
SDSS-II SN 5392,-51.30430603027344,13.249285697937012
SDSS-II SN 5439,46.48433303833008,0.4627004861831665
SDSS-II SN 5468,-8.469667434692383,7.420389175415039
SDSS-II SN 5498,27.657747268676758,12.503267288208008
SDSS-II SN 5552,14.131155014038086,46.659305572509766
SDSS-II SN 5590,49.1457633972168,7.036568641662598
SDSS-II SN 5595,24.439163208007812,11.187694549560547
SDSS-II SN 5607,-47.24345016479492,7.554005146026611
SDSS-II SN 5702,-17.18138313293457,21.218307495117188
SDSS-II SN 5731,27.761648178100586,-13.262396812438965
SDSS-II SN 5735,0.9066624045372009,-3.9622488021850586
SDSS-II SN 5781,63.68052673339844,6.978094577789307
SDSS-II SN 5802,13.3933744430542,-1.58750319480896
SDSS-II SN 5806,-45.08253479003906,17.461843490600586
SDSS-II SN 5869,39.976287841796875,10.631811141967773
SDSS-II SN 5877,25.26076889038086,11.423910140991211
SDSS-II SN 5890,-7.735342502593994,23.81166648864746
SDSS-II SN 5897,0.09674076735973358,-13.11265754699707
SDSS-II SN 5917,-11.043061256408691,6.944159507751465
SDSS-II SN 5943,-42.85432052612305,13.128202438354492
SDSS-II SN 5963,40.718292236328125,15.04220199584961
SDSS-II SN 6055,43.31702423095703,-9.680093765258789
SDSS-II SN 6216,46.53323745727539,14.351058006286621
SDSS-II SN 6225,53.28417205810547,10.611666679382324
SDSS-II SN 6288,18.15533447265625,13.021331787109375
SDSS-II SN 6289,-34.53303527832031,26.358461380004883
SDSS-II SN 6326,16.84644889831543,15.52497673034668
SDSS-II SN 6333,-46.378990173339844,-1.4465433359146118
SDSS-II SN 6433,0.27446895837783813,-5.86659574508667
SDSS-II SN 6501,-15.671764373779297,-13.641505241394043
SDSS-II SN 6502,-34.461822509765625,21.923219680786133
SDSS-II SN 6520,-47.199180603027344,0.7622659802436829
SDSS-II SN 6556,-26.416608810424805,7.413212776184082
SDSS-II SN 6560,56.274600982666016,0.4898213744163513
SDSS-II SN 6618,1.6190459728240967,-3.3328564167022705
SDSS-II SN 6635,-36.65577697753906,20.889741897583008
SDSS-II SN 6696,-5.658194541931152,-0.06194321811199188
SDSS-II SN 6709,63.68822479248047,-8.35890007019043
SDSS-II SN 6714,6.170319557189941,-12.252532005310059
SDSS-II SN 6715,-72.48828887939453,-16.202016830444336
SDSS-II SN 6816,60.46632766723633,-5.222147464752197
SDSS-II SN 6831,58.22490310668945,-5.264084815979004
SDSS-II SN 6851,51.3377799987793,-4.798755645751953
SDSS-II SN 6854,-39.81776428222656,-25.567317962646484
SDSS-II SN 6861,70.67066955566406,2.1052422523498535
SDSS-II SN 6873,42.39015197753906,-20.241422653198242
SDSS-II SN 6877,-47.019989013671875,4.8270134925842285
SDSS-II SN 6889,-43.948944091796875,-1.717471718788147
SDSS-II SN 6914,55.525997161865234,2.4574811458587646
SDSS-II SN 6973,-59.460174560546875,-21.149967193603516
SDSS-II SN 6992,-65.21936798095703,-29.20719337463379
SDSS-II SN 7003,-31.351633071899414,7.303222179412842
SDSS-II SN 7017,-43.826663970947266,-27.33085060119629
SDSS-II SN 7024,51.0404167175293,-5.229472637176514
SDSS-II SN 703,26.5297908782959,-25.15300941467285
SDSS-II SN 7039,-29.566469192504883,22.873668670654297
SDSS-II SN 706,-68.64397430419922,-6.6478800773620605
SDSS-II SN 7067,-53.5557746887207,-14.332646369934082
SDSS-II SN 7099,-2.9142343997955322,18.44248390197754
SDSS-II SN 7116,-76.81210327148438,0.2683093249797821
SDSS-II SN 7119,45.07313537597656,13.178495407104492
SDSS-II SN 7121,29.262123107910156,20.452659606933594
SDSS-II SN 7123,-41.10771560668945,-28.696138381958008
SDSS-II SN 716,-71.4898452758789,-8.791430473327637
SDSS-II SN 7205,-14.185639381408691,2.940093517303467
SDSS-II SN 7231,-20.334197998046875,19.74077033996582
SDSS-II SN 7233,-73.55843353271484,-18.97115707397461
SDSS-II SN 7304,-3.522584915161133,21.06749725341797
SDSS-II SN 7306,-45.708168029785156,15.459559440612793
SDSS-II SN 7357,45.13135528564453,-17.752233505249023
SDSS-II SN 7374,50.7090950012207,-7.485652923583984
SDSS-II SN 7417,-65.62157440185547,-24.12068748474121
SDSS-II SN 7444,20.611600875854492,9.02044677734375
SDSS-II SN 7499,56.38481521606445,-16.699155807495117
SDSS-II SN 7539,-71.0539321899414,-14.495563507080078
SDSS-II SN 7550,70.82626342773438,13.842565536499023
SDSS-II SN 7575,-32.4773063659668,25.954307556152344
SDSS-II SN 7636,61.32948684692383,-0.05447622388601303
SDSS-II SN 764,-70.09998321533203,-5.6754469871521
SDSS-II SN 7647,17.923965454101562,31.64994239807129
SDSS-II SN 7654,34.39869689941406,-18.288372039794922
SDSS-II SN 7699,-32.489585876464844,2.8756957054138184
SDSS-II SN 7701,-31.036117553710938,-1.2165580987930298
SDSS-II SN 7712,-1.5989030599594116,-4.286813735961914
SDSS-II SN 7713,28.38413429260254,41.753440856933594
SDSS-II SN 7725,-33.69879913330078,-5.612548351287842
SDSS-II SN 773,23.592151641845703,-51.830284118652344
SDSS-II SN 7736,59.08336639404297,-0.38219019770622253
SDSS-II SN 7762,58.744346618652344,-8.225332260131836
SDSS-II SN 7794,42.49774169921875,12.137190818786621
SDSS-II SN 7802,51.19246292114258,15.195632934570312
SDSS-II SN 7803,54.33634948730469,-3.337287187576294
SDSS-II SN 7804,66.23484802246094,10.885293006896973
SDSS-II SN 7839,-53.068485260009766,6.902075290679932
SDSS-II SN 7851,-5.283451080322266,-2.421039581298828
SDSS-II SN 7864,29.18018341064453,29.040271759033203
SDSS-II SN 7882,28.81428337097168,21.33565902709961
SDSS-II SN 7923,71.53992462158203,11.297663688659668
SDSS-II SN 7978,-32.46823501586914,25.266630172729492
SDSS-II SN 801,-76.70075988769531,-17.44469451904297
SDSS-II SN 8018,25.13944435119629,23.242185592651367
SDSS-II SN 8062,69.43899536132812,5.7553815841674805
SDSS-II SN 8086,56.43568801879883,-18.95220375061035
SDSS-II SN 8092,21.293346405029297,-0.7803595662117004
SDSS-II SN 8114,26.67240333557129,8.098321914672852
SDSS-II SN 8127,-2.632070779800415,6.925807952880859
SDSS-II SN 8165,20.376474380493164,16.19733238220215
SDSS-II SN 8190,-48.479248046875,-18.452489852905273
SDSS-II SN 822,29.006872177124023,-29.674026489257812
SDSS-II SN 8226,51.57403564453125,8.129786491394043
SDSS-II SN 8236,-42.21392059326172,-27.09988784790039
SDSS-II SN 8252,-50.40141677856445,-27.96422004699707
SDSS-II SN 8280,32.2266731262207,-14.567752838134766
SDSS-II SN 8297,-10.242895126342773,14.295671463012695
SDSS-II SN 841,22.00249481201172,-9.435680389404297
SDSS-II SN 8457,48.02190399169922,-3.5306379795074463
SDSS-II SN 8513,-33.666015625,-3.616030693054199
SDSS-II SN 8555,54.9250373840332,14.083322525024414
SDSS-II SN 8569,13.04404354095459,12.611899375915527
SDSS-II SN 859,-11.847636222839355,1.124893069267273
SDSS-II SN 8600,-32.08209991455078,11.118608474731445
SDSS-II SN 8605,-47.290157318115234,-28.425945281982422
SDSS-II SN 8705,67.0108642578125,12.4651460647583
SDSS-II SN 8721,-28.121244430541992,12.735877990722656
SDSS-II SN 8730,26.683069229125977,-17.685226440429688
SDSS-II SN 8742,-2.912965774536133,16.206031799316406
SDSS-II SN 8744,-40.93766784667969,-25.003225326538086
SDSS-II SN 9026,66.42378234863281,20.97010040283203
SDSS-II SN 904,-35.01659393310547,-28.521366119384766
SDSS-II SN 9052,38.45210647583008,20.796985626220703
SDSS-II SN 9109,-17.946701049804688,24.93748664855957
SDSS-II SN 9132,27.975616455078125,-8.512598991394043
SDSS-II SN 9155,-31.742877960205078,3.3214213848114014
SDSS-II SN 917,-75.22698211669922,-15.041607856750488
SDSS-II SN 919,-75.5201644897461,-17.11307716369629
SDSS-II SN 9194,45.61838150024414,-20.366931915283203
SDSS-II SN 9239,10.478686332702637,-19.97728157043457
SDSS-II SN 9250,-33.59113311767578,-30.7677059173584
SDSS-II SN 9268,67.44303131103516,12.88033676147461
SDSS-II SN 9269,-49.283321380615234,0.009624919854104519
SDSS-II SN 9326,67.0929946899414,16.197805404663086
SDSS-II SN 9334,33.522056579589844,22.542449951171875
SDSS-II SN 9353,67.20697784423828,5.883671283721924
SDSS-II SN 9424,0.9949567317962646,-24.008989334106445
SDSS-II SN 9562,-41.468666076660156,-25.8408145904541
SDSS-II SN 9566,41.81531524658203,25.30739402770996
SDSS-II SN 9632,48.64620590209961,-6.923323154449463
SDSS-II SN 9704,38.86845779418945,-10.036248207092285
SDSS-II SN 9814,62.942440032958984,-13.617467880249023
SDSS-II SN 9884,-33.50270080566406,24.227155685424805
SDSS-II SN 9954,36.635311126708984,22.030216217041016
SN1000+0216,-70.51863861083984,2.808715343475342
SN2005ed,28.179611206054688,-60.99924087524414
SN2005ef,47.653961181640625,7.26074743270874
SN2005eg,-11.796219825744629,26.097686767578125
SN2005ei,-5.309627532958984,41.14021301269531
SN2005em,13.686827659606934,20.833621978759766
SN2005ey,-0.8406123518943787,44.98361587524414
SN2005fa,-4.60698938369751,13.176385879516602
SN2005fb,-15.696355819702148,23.522642135620117
SN2005fd,3.03432297706604,2.4333200454711914
SN2005fe,-32.356666564941406,-34.62913513183594
SN2005ff,2.2726542949676514,38.98965835571289
SN2005fi,-1.0755410194396973,22.487289428710938
SN2005fj,-10.561171531677246,27.33319854736328
SN2005fk,55.31952667236328,-14.945746421813965
SN2005fl,30.037992477416992,-51.554744720458984
SN2005fm,-0.503151535987854,41.71787643432617
SN2005fn,-7.064276695251465,46.895362854003906
SN2005fo,-17.25666618347168,15.239725112915039
SN2005fq,-67.3702163696289,-9.490093231201172
SN2005fr,-6.266137599945068,18.03190803527832
SN2005fs,-20.73571014404297,17.51836395263672
SN2005ft,-0.18427921831607819,18.446664810180664
SN2005fu,-4.411538600921631,22.33785057067871
SN2005fv,3.2724804878234863,32.357818603515625
SN2005fw,-7.187855243682861,31.937639236450195
SN2005fy,-30.042766571044922,13.049370765686035
SN2005ga,4.909589767456055,28.31348991394043
SN2005gb,4.383517265319824,47.416969299316406
SN2005gc,-6.288782596588135,31.283540725708008
SN2005gd,7.970330715179443,23.810373306274414
SN2005ge,10.945035934448242,20.34819793701172
SN2005gf,-12.047950744628906,18.69474220275879
SN2005gg,-11.619611740112305,17.870731353759766
SN2005gh,9.296363830566406,8.073328971862793
SN2005gj,-43.36256790161133,-31.641094207763672
SN2005gp,14.65230941772461,21.495357513427734
SN2005gq,25.44407081604004,-22.81082534790039
SN2005gs,10.637885093688965,18.18262481689453
SN2005gt,0.7387010455131531,7.1414031982421875
SN2005gu,-22.066152572631836,12.317024230957031
SN2005gv,-6.198386192321777,0.8513872027397156
SN2005gx,1.3954219818115234,26.80738639831543
SN2005gy,-31.855615615844727,-6.916251182556152
SN2005hc,-0.3054308295249939,49.662193298339844
SN2005hl,-4.300352096557617,-18.789331436157227
SN2005hm,-21.934051513671875,8.28369426727295
SN2005ho,8.567706108093262,55.919864654541016
SN2005hp,1.0009037256240845,16.39870262145996
SN2005hq,26.62850570678711,41.01106643676758
SN2005hs,29.511478424072266,-9.265625
SN2005ht,0.8092296719551086,19.21111297607422
SN2005hv,42.62358856201172,20.615352630615234
SN2005hw,48.84282302856445,5.950037479400635
SN2005hx,2.602562189102173,29.505619049072266
SN2005hy,-3.425809144973755,30.25168228149414
SN2005hz,36.12246322631836,24.81714630126953
SN2005ib,-15.78625774383545,-7.473937511444092
SN2005ic,-1.1046993732452393,5.4799675941467285
SN2005ie,17.151243209838867,-0.5007686614990234
SN2005if,36.98051071166992,25.365550994873047
SN2005ih,-4.685891151428223,5.760790824890137
SN2005ik,36.96379089355469,20.495471954345703
SN2005in,4.533673286437988,28.580495834350586
SN2005it,4.78557825088501,-6.04344367980957
SN2005iv,-4.765222549438477,18.22465705871582
SN2005iw,15.234683990478516,8.453913688659668
SN2005iy,45.6080322265625,-20.78504180908203
SN2005jb,27.295059204101562,-24.208608627319336
SN2005jd,-1.4990577697753906,17.518394470214844
SN2005jf,20.881919860839844,-17.339323043823242
SN2005jg,46.09912109375,-12.813983917236328
SN2005jh,59.06157684326172,26.413860321044922
SN2005jk,-16.34311294555664,17.27813148498535
SN2005jm,19.9359130859375,22.081653594970703
SN2005jn,2.567587375640869,18.195331573486328
SN2005jo,20.144081115722656,20.838380813598633
SN2005jq,-42.37699890136719,10.87381362915039
SN2005jr,-26.2471923828125,27.20446014404297
SN2005js,27.588319778442383,43.89932632446289
SN2005jt,7.696231365203857,-23.225889205932617
SN2005ju,3.2393035888671875,15.608593940734863
SN2005jv,-30.184396743774414,12.361889839172363
SN2005jw,55.06203842163086,-26.690757751464844
SN2005jx,58.60888671875,20.278284072875977
SN2005jy,41.78849411010742,1.5732991695404053
SN2005jz,-20.70030403137207,14.869787216186523
SN2005kj,-82.054443359375,-5.38955545425415
SN2005kn,41.39060974121094,0.3670743405818939
SN2005kp,55.89710235595703,26.226932525634766
SN2005kq,-22.309043884277344,-3.7351133823394775
SN2005kr,29.387475967407227,11.109291076660156
SN2005ku,8.278828620910645,38.0055046081543
SN2005lb,-58.08553695678711,-6.966686725616455
SN2005lc,-55.22907257080078,-16.97697639465332
SN2005ld,26.108720779418945,27.78895378112793
SN2005le,-18.516822814941406,9.743209838867188
SN2005lf,45.75490188598633,-4.893396377563477
SN2005lg,23.896968841552734,-0.8510217666625977
SN2005li,11.778703689575195,20.978496551513672
SN2005ll,68.55821228027344,18.53994369506836
SN2005lo,61.458919525146484,18.512487411499023
SN2005lp,13.910704612731934,28.198829650878906
SN2005lq,34.482181549072266,25.862289428710938
SN2005mh,13.368216514587402,4.217868328094482
SN2005mj,34.392826080322266,12.996199607849121
SN2005ml,25.78329849243164,28.0323429107666
SN2005mn,28.81053924560547,9.19189739227295
SN2005mo,11.76769733428955,4.730172634124756
SN2005mp,-36.77446365356445,26.558303833007812
SN2006aa,-74.63488006591797,-13.849074363708496
SN2006au,34.41985321044922,-23.426334381103516
SN2006bo,-67.42259216308594,-6.497191429138184
SN2006eb,20.821121215820312,-56.46092224121094
SN2006eq,26.030611038208008,-50.419437408447266
SN2006er,-31.796709060668945,-29.155576705932617
SN2006ew,27.390344619750977,-57.07977294921875
SN2006ex,-39.08915328979492,-21.53894805908203
SN2006ez,-67.67169952392578,-21.29869842529297
SN2006fa,5.978203296661377,3.2918293476104736
SN2006fb,-34.8100700378418,-21.60763931274414
SN2006fc,1.3170967102050781,17.969404220581055
SN2006fd,24.913902282714844,-53.814064025878906
SN2006fg,-60.54084014892578,-7.062705039978027
SN2006fh,23.113924026489258,-53.0606689453125
SN2006fi,7.077305316925049,4.962105751037598
SN2006fj,-2.5276918411254883,28.667713165283203
SN2006fk,11.02483081817627,26.313064575195312
SN2006fl,-2.715153694152832,26.72193717956543
SN2006fm,1.0005664825439453,41.09890365600586
SN2006fn,-6.477175712585449,21.656139373779297
SN2006fs,28.597856521606445,-56.40631103515625
SN2006ft,-36.30830001831055,-23.8183536529541
SN2006fv,41.83809280395508,24.1434326171875
SN2006fx,27.54966926574707,-25.950742721557617
SN2006fz,6.380656719207764,40.737545013427734
SN2006gb,33.04010009765625,19.671180725097656
SN2006gd,-68.33267211914062,-1.8316954374313354
SN2006ge,28.14211082458496,-49.233524322509766
SN2006gg,-7.2287821769714355,19.743871688842773
SN2006gh,1.8884849548339844,18.694963455200195
SN2006gk,-47.26816177368164,-31.21622085571289
SN2006gl,28.593978881835938,-52.14992141723633
SN2006gm,22.13184356689453,-52.51416015625
SN2006gn,-0.3500441610813141,43.35170364379883
SN2006go,46.71841049194336,-17.98369026184082
SN2006gp,25.38433265686035,6.756457328796387
SN2006gu,-36.92375183105469,-24.670040130615234
SN2006gv,24.12265396118164,-52.9698600769043
SN2006gw,-66.59310150146484,-5.904729843139648
SN2006hd,-35.960838317871094,-26.659692764282227
SN2006he,-11.054534912109375,21.1595401763916
SN2006hf,-16.057504653930664,26.009044647216797
SN2006hg,11.029870986938477,-6.265374660491943
SN2006hh,20.3676700592041,-8.125053405761719
SN2006hi,59.25865936279297,3.9888620376586914
SN2006hj,-13.317831039428711,8.425119400024414
SN2006hk,-6.671053409576416,15.639010429382324
SN2006hl,-12.066455841064453,31.409709930419922
SN2006hm,-12.246516227722168,-1.920997142791748
SN2006hp,-7.022805213928223,21.593425750732422
SN2006hq,-6.050005912780762,-2.4221861362457275
SN2006hr,-5.282607078552246,19.49829864501953
SN2006hs,11.456944465637207,-1.8179185390472412
SN2006ht,12.495691299438477,21.712539672851562
SN2006hu,-0.2240116000175476,37.10336685180664
SN2006hv,-3.948920249938965,26.924341201782227
SN2006hw,0.6415963768959045,37.033103942871094
SN2006hy,10.404960632324219,34.65924835205078
SN2006hz,-73.72037506103516,-12.554328918457031
SN2006ix,-65.54618072509766,-23.152271270751953
SN2006iy,-14.559979438781738,24.767513275146484
SN2006iz,-24.72867774963379,26.732242584228516
SN2006jg,50.71323013305664,-6.193103313446045
SN2006ji,-1.3319581747055054,25.43950653076172
SN2006jj,-23.967653274536133,-0.7670692801475525
SN2006jk,-28.399532318115234,1.3019307851791382
SN2006jn,-13.3867826461792,24.505815505981445
SN2006jo,26.90399742126465,45.634918212890625
SN2006jq,-2.2805936336517334,34.34922790527344
SN2006jt,-2.316920280456543,35.3587646484375
SN2006ju,12.018091201782227,28.64490509033203
SN2006jv,2.862673282623291,-7.602063179016113
SN2006jx,47.60477828979492,-16.783411026000977
SN2006jy,40.52216339111328,19.567707061767578
SN2006jz,12.948179244995117,28.75860595703125
SN2006ka,0.34167608618736267,23.930818557739258
SN2006kb,-7.789102077484131,29.33131980895996
SN2006kc,1.9740240573883057,20.230316162109375
SN2006kg,-80.21260070800781,0.5479776263237
SN2006ki,8.587047576904297,18.916099548339844
SN2006kk,51.399784088134766,5.062830924987793
SN2006kl,-11.44167709350586,13.980655670166016
SN2006km,-31.898273468017578,-4.961782455444336
SN2006ko,-13.469388008117676,1.953420877456665
SN2006kr,-14.358421325683594,19.453693389892578
SN2006ks,26.12859344482422,14.27901554107666
SN2006kt,-4.974612236022949,15.689589500427246
SN2006kw,49.54378128051758,22.2840633392334
SN2006ky,-2.137627601623535,24.585161209106445
SN2006lc,30.207517623901367,6.469920635223389
SN2006lj,-22.21527671813965,-3.9874889850616455
SN2006ll,55.53769302368164,8.28603744506836
SN2006lm,14.286148071289062,18.07033348083496
SN2006ln,-4.019350051879883,20.03129005432129
SN2006lo,19.18533706665039,22.391769409179688
SN2006lp,-18.20840835571289,-0.6639425754547119
SN2006lq,28.52923583984375,12.657571792602539
SN2006mn,18.935609817504883,31.97142219543457
SN2006mu,46.4832878112793,1.6336493492126465
SN2006mv,0.968685507774353,21.039165496826172
SN2006mw,13.227391242980957,-25.194194793701172
SN2006mz,-19.558439254760742,-2.3679087162017822
SN2006na,3.713726758956909,1.5357649326324463
SN2006nc,11.003045082092285,35.62704086303711
SN2006nd,34.31026077270508,24.26805877685547
SN2006ne,68.8176040649414,16.110815048217773
SN2006ng,-14.459142684936523,0.4880291819572449
SN2006nh,40.25397491455078,-2.633906364440918
SN2006nj,6.50604248046875,-1.3897714614868164
SN2006nl,41.873748779296875,18.9006290435791
SN2006nn,27.613065719604492,22.9326229095459
SN2006no,-25.056438446044922,1.876002550125122
SN2006nv,18.4594783782959,3.780270576477051
SN2006nw,27.443689346313477,26.74549102783203
SN2006ny,51.79293441772461,19.287639617919922
SN2006oa,54.962379455566406,27.566770553588867
SN2006ob,11.818058013916016,54.78535842895508
SN2006oc,-12.840115547180176,-0.511323869228363
SN2006od,-18.558040618896484,25.370807647705078
SN2006of,27.717588424682617,26.76711654663086
SN2006oi,27.911544799804688,24.21944236755371
SN2006oj,52.3741340637207,2.226621150970459
SN2006ok,63.347469329833984,20.737028121948242
SN2006om,1.3561561107635498,23.57474708557129
SN2006oo,66.84051513671875,17.50033187866211
SN2006op,71.79132080078125,17.546382904052734
SN2006oy,5.133544445037842,19.096908569335938
SN2006pc,55.09246063232422,-25.634550094604492
SN2006pf,53.41455841064453,17.65096664428711
SN2006pi,53.5315055847168,16.312538146972656
SN2006pj,52.00825119018555,14.690131187438965
SN2006pk,53.336605072021484,22.892478942871094
SN2006pm,65.62527465820312,19.734285354614258
SN2006pn,65.07585144042969,21.45876693725586
SN2006po,61.79997253417969,8.332418441772461
SN2006pp,59.73415756225586,17.16933822631836
SN2006pq,61.49412536621094,24.283374786376953
SN2006pr,60.50520706176758,25.1898250579834
SN2006ps,61.18666458129883,26.192197799682617
SN2006pt,68.02484130859375,-9.084817886352539
SN2006pu,53.02796173095703,24.129318237304688
SN2006pv,57.65741729736328,-1.7908759117126465
SN2006pw,60.76278305053711,9.706189155578613
SN2006pz,55.92282485961914,-5.236049652099609
SN2006qa,35.03124237060547,-11.644771575927734
SN2006qd,63.790462493896484,13.285468101501465
SN2006qe,60.599143981933594,10.91409683227539
SN2006qg,29.4531307220459,28.07941246032715
SN2006qq,-70.32003784179688,-8.056126594543457
SN2006sv,62.65682601928711,22.421001434326172
SN2006sw,52.17690658569336,22.885631561279297
SN2006sz,50.17022705078125,3.6022884845733643
SN2006ta,51.908145904541016,18.06037712097168
SN2007fr,32.80315017700195,-52.666343688964844
SN2007gl,-53.34339141845703,-5.676588535308838
SN2007hx,-1.0524027347564697,40.514732360839844
SN2007hy,-34.08098220825195,-23.061588287353516
SN2007hz,-9.916288375854492,27.715328216552734
SN2007ih,-34.2794189453125,-28.97005271911621
SN2007ik,-12.974440574645996,21.497596740722656
SN2007iz,-71.35184478759766,-12.409504890441895
SN2007jb,-30.554153442382812,-25.612703323364258
SN2007jd,1.9018957614898682,38.16014099121094
SN2007je,-5.584723949432373,26.777950286865234
SN2007jg,7.018954753875732,48.67241287231445
SN2007jh,23.615400314331055,42.64103698730469
SN2007jj,25.818208694458008,-53.474464416503906
SN2007jk,-21.76776695251465,6.163048267364502
SN2007jl,-10.101271629333496,8.193770408630371
SN2007jm,-70.03579711914062,2.7137882709503174
SN2007jn,29.05716896057129,-50.61159133911133
SN2007jo,27.433778762817383,-55.88145065307617
SN2007jt,-15.153763771057129,28.766643524169922
SN2007ju,-1.6212902069091797,42.888404846191406
SN2007jv,-6.3179497718811035,-8.935795783996582
SN2007jx,5.818779468536377,11.852160453796387
SN2007ka,-5.224628925323486,23.847991943359375
SN2007kb,-10.274361610412598,1.6287612915039062
SN2007kl,-20.327131271362305,5.316892147064209
SN2007km,30.24909210205078,-52.646018981933594
SN2007kn,7.931911945343018,-21.13521385192871
SN2007ko,-17.74677848815918,11.774717330932617
SN2007kp,39.506568908691406,15.95178508758545
SN2007kr,-26.582754135131836,0.18822039663791656
SN2007ks,6.774606227874756,41.494972229003906
SN2007kt,-4.945917129516602,25.186622619628906
SN2007ku,51.60733413696289,-3.6008660793304443
SN2007kv,-24.92116355895996,3.9489197731018066
SN2007kw,-49.02920913696289,12.775007247924805
SN2007kx,1.5107393264770508,28.71048355102539
SN2007la,11.845458030700684,34.210899353027344
SN2007lc,4.128390789031982,22.499713897705078
SN2007lf,32.97709274291992,-51.86845779418945
SN2007lg,-6.822887420654297,28.187057495117188
SN2007lh,4.680213451385498,21.73105239868164
SN2007lj,-44.86361312866211,18.01285171508789
SN2007lm,-19.965011596679688,2.024808645248413
SN2007ln,-16.722196578979492,24.76861000061035
SN2007lo,-2.8266289234161377,25.414133071899414
SN2007lp,12.05889892578125,23.710527420043945
SN2007lq,3.32267165184021,24.396228790283203
SN2007lt,-3.9981837272644043,33.216026306152344
SN2007lu,-16.424713134765625,4.882560729980469
SN2007lw,-5.537144660949707,14.168036460876465
SN2007lx,-56.44034194946289,-21.279438018798828
SN2007ma,9.764928817749023,33.97547149658203
SN2007mb,9.793075561523438,21.151445388793945
SN2007mc,-15.554248809814453,30.54541015625
SN2007me,3.433746099472046,23.871423721313477
SN2007mf,-0.036488331854343414,19.83233642578125
SN2007mg,-13.129155158996582,25.28291130065918
SN2007mh,-3.452716112136841,33.8952751159668
SN2007mi,7.511080741882324,41.704010009765625
SN2007mk,-14.138960838317871,28.518115997314453
SN2007mt,7.682980537414551,-12.203065872192383
SN2007mu,39.05805206298828,-10.74959945678711
SN2007mv,-15.833207130432129,9.408571243286133
SN2007mw,66.58175659179688,7.891685962677002
SN2007my,20.99362564086914,5.5710859298706055
SN2007nc,40.646427154541016,-4.975816249847412
SN2007nd,19.37331199645996,-5.549386024475098
SN2007ne,40.89958572387695,20.303617477416992
SN2007nf,-21.880651473999023,-1.4800018072128296
SN2007nh,4.260700225830078,19.90813446044922
SN2007ni,-2.5936801433563232,14.276776313781738
SN2007nj,-8.369584083557129,23.04905128479004
SN2007nk,-15.556009292602539,33.17053985595703
SN2007nr,-43.0511474609375,8.711021423339844
SN2007nu,-30.271312713623047,1.820825219154358
SN2007nw,-50.82644271850586,14.038223266601562
SN2007nx,-34.04518508911133,-31.381452560424805
SN2007ny,-37.940059661865234,21.551860809326172
SN2007nz,29.616369247436523,-13.184819221496582
SN2007oa,-19.9327335357666,-4.1292033195495605
SN2007of,7.486387729644775,-20.370346069335938
SN2007oh,49.33504867553711,-5.809385299682617
SN2007oi,41.61776351928711,-23.05008888244629
SN2007oj,8.011828422546387,42.614341735839844
SN2007ok,19.035064697265625,23.931663513183594
SN2007oq,-45.77067184448242,2.662781000137329
SN2007ot,1.505653977394104,25.245403289794922
SN2007ou,11.631664276123047,-0.6742866635322571
SN2007ov,21.614919662475586,5.10487174987793
SN2007ow,22.67650032043457,2.205010175704956
SN2007oy,27.068620681762695,11.184001922607422
SN2007oz,55.76462936401367,-6.862027645111084
SN2007pa,0.06188442185521126,25.7838134765625
SN2007pg,62.22507858276367,26.027206420898438
SN2007ph,13.978154182434082,25.08783721923828
SN2007pi,65.32262420654297,7.337930679321289
SN2007pj,58.53892135620117,2.1996841430664062
SN2007pn,-26.17193603515625,10.542664527893066
SN2007po,-24.48725128173828,2.638754367828369
SN2007pp,14.797192573547363,-0.6956465840339661
SN2007pr,57.98588943481445,9.823907852172852
SN2007ps,-31.036645889282227,6.3184895515441895
SN2007pt,42.4339485168457,21.85576629638672
SN2007pv,21.177120208740234,-6.133135795593262
SN2007pw,17.80930519104004,31.557838439941406
SN2007py,68.59146118164062,12.369498252868652
SN2007pz,54.214324951171875,20.696176528930664
SN2007qg,6.674185276031494,2.4723143577575684
SN2007qh,-28.489755630493164,4.422576904296875
SN2007qi,57.524749755859375,20.580297470092773
SN2007qj,58.10750961303711,21.195701599121094
SN2007qk,20.79485321044922,6.922942161560059
SN2007ql,50.5770378112793,23.50442123413086
SN2007qm,-25.542465209960938,11.01137638092041
SN2007qn,44.52799606323242,-7.386796474456787
SN2007qq,66.15558624267578,17.118457794189453
SN2007qr,26.260997772216797,23.338842391967773
SN2007qs,27.01035499572754,24.134767532348633
SN2007qt,62.37934494018555,21.1645450592041
SN2007qu,53.600337982177734,18.8043155670166
SN2007qv,66.38092041015625,26.27667999267578
SN2007qy,60.32079315185547,21.72832489013672
SN2007qz,35.1290397644043,10.206170082092285
SN2007ra,54.816471099853516,25.642805099487305
SN2007rd,13.059060096740723,-2.526798725128174
SN2007rg,48.921173095703125,14.156594276428223
SN2007rk,69.58073425292969,11.098849296569824
SN2007rl,52.143619537353516,21.63584327697754
SN2007rm,61.7284049987793,21.806652069091797
SN2007rp,54.90115737915039,22.1722412109375
SN2007rq,57.40305709838867,19.623512268066406
SN2007sb,6.474501132965088,22.984663009643555
SN2007se,-30.69769859313965,29.977994918823242
SN2007sg,-30.689315795898438,30.175737380981445
SN2007sh,68.59611511230469,22.15894317626953
SN2007sk,31.493104934692383,17.67603302001953
SN2007sl,64.77783966064453,26.662376403808594
SN2007tf,12.455573081970215,-18.694812774658203
SN2007tr,-13.100287437438965,4.411987781524658
SN2007ts,52.864620208740234,12.504720687866211
SN2007tt,68.50164031982422,13.510924339294434
SN2008J,-14.502099990844727,-32.73580551147461
SN2008am,-74.85208129882812,0.37629929184913635
SN2008fq,-38.056617736816406,2.725325345993042
SN2009N,-53.97325134277344,-16.3565731048584
SN2213-1745,-78.49151611328125,1.6228370666503906
ASASSN-14bb,25.32746696472168,-47.173004150390625
ASASSN-14dq,-39.139617919921875,-38.373878479003906
ASASSN-14kg,-65.98567962646484,-15.710138320922852
ASASSN-14lp,1.550128698348999,44.73910140991211
ASASSN-15bc,-2.0490872859954834,48.75133514404297
ASASSN-15hy,-44.81370162963867,8.873825073242188
ASASSN-15il,8.262327194213867,54.73659133911133
ASASSN-15jl,-5.9903717041015625,-8.282639503479004
ASASSN-15mf,1.4488147497177124,55.586666107177734
ASASSN-15mg,7.847207546234131,49.704586029052734
ASASSN-15np,2.1144309043884277,11.558003425598145
ASASSN-15nq,4.185516357421875,51.767642974853516
ASASSN-15nr,-4.292515277862549,52.31256866455078
ASASSN-15pm,-10.079816818237305,46.38063049316406
ASASSN-15pn,-3.1818881034851074,47.93355178833008
ASASSN-15sf,7.6850199699401855,52.70307159423828
ASASSN-15ss,28.40180206298828,-59.23244094848633
ASASSN-15uv,-4.153319835662842,42.59968185424805
ASASSN-15uw,7.067906856536865,47.250030517578125
CSS150120:053013-165338,48.353004455566406,-10.931315422058105
DES15E2mlf,-54.65519714355469,-14.150635719299316
DES17C1ald,1.5337685346603394,40.297847747802734
DES17C1ffz,21.93226432800293,16.737659454345703
DES17C2ou,31.567405700683594,-52.321998596191406
DES17C3arf,27.550739288330078,45.34410858154297
DES17C3eg,30.753803253173828,-56.94185256958008
DES17X2bef,26.127552032470703,44.3668327331543
Gaia14adq,-59.273616790771484,1.0338969230651855
Gaia15abz,-64.17403411865234,-0.7030774354934692
Gaia15acp,23.711437225341797,47.29874801635742
Gaia16afk,-47.45857620239258,15.332708358764648
Gaia16aye,88.12041473388672,-88.9437484741211
LSQ11ot,3.0423219203948975,36.814239501953125
LSQ12bld,9.71739673614502,43.676727294921875
LSQ12ca,-8.257322311401367,-7.22681188583374
LSQ13dpa,-80.0687026977539,3.0974514484405518
LSQ14an,-81.83494567871094,-8.843838691711426
PS1-1000003,9.146023750305176,40.8782958984375
PS1-1000004,-12.362963676452637,12.50709056854248
PS1-1000005,-33.049381256103516,5.526724815368652
PS1-1000007,-13.298604011535645,39.38356018066406
PS1-10acx,-3.0961976051330566,15.470904350280762
PS1-10aeq,23.839336395263672,-55.483009338378906
PS1-10agw,-25.540695190429688,16.64273452758789
PS1-10bji,-11.268941879272461,32.89406967163086
PS1-10bjn,-7.88731575012207,11.615009307861328
PS1-10bls,-9.005667686462402,13.808921813964844
PS1-10byq,-58.41859436035156,-21.62476921081543
PS1-10bzt,-37.11780548095703,-18.27030372619629
PS1-10cad,-7.173180103302002,14.412565231323242
PS1-10cbu,-57.41518020629883,-20.819217681884766
PS1-10hu,-10.509488105773926,44.493831634521484
PS1-10ia,-57.09550857543945,-30.87588882446289
PS1-10ig,-33.282127380371094,-36.45545959472656
PS1-10ir,-9.520672798156738,22.0496826171875
PS1-10ix,53.56718444824219,-0.14814405143260956
PS1-10j,33.016883850097656,-17.120546340942383
PS1-10kv,44.9461784362793,-17.278188705444336
PS1-10ky,-37.45411682128906,-21.567764282226562
PS1-10l,-11.881503105163574,7.327368259429932
PS1-11aea,-23.786836624145508,15.945759773254395
PS1-11afv,-52.99138641357422,-20.663375854492188
PS1-11aib,-71.12714385986328,-2.0289173126220703
PS1-11aij,-2.403639316558838,-4.170113563537598
PS1-11aj,-35.25384521484375,-33.59134292602539
PS1-11ajs,-21.94382095336914,5.050621509552002
PS1-11ala,-12.198864936828613,6.313356399536133
PS1-11alv,-4.99410343170166,32.628631591796875
PS1-11cn,45.61918640136719,20.55364418029785
PS1-11e,-44.629249572753906,-29.709259033203125
PS1-11fi,27.610668182373047,-58.15528869628906
PS1-11mz,-1.4524720907211304,41.39604187011719
PS1-11p,21.26190757751465,-18.366222381591797
PS1-11uw,-13.262918472290039,29.736896514892578
PS1-11w,0.3224431574344635,40.287837982177734
PS1-11xw,3.8209354877471924,20.168731689453125
PS1-12bku,-54.53849792480469,-6.712220668792725
PS1-12bqf,-78.11715698242188,-0.7056969404220581
PS1-12sk,65.34239959716797,27.404802322387695
PS1-13baf,-75.31436157226562,1.739274024963379
PS1-13bni,-73.47057342529297,-7.194912910461426
PS1-13gt,-53.50038146972656,-5.399221420288086
PS1-13or,-57.767906188964844,-10.725902557373047
PS1-13wr,-58.95653533935547,1.6540935039520264
PS15adh,-10.084992408752441,30.711530685424805
PS15aii,8.774698257446289,53.501312255859375
PS15aoq,2.6748650074005127,54.31222915649414
PS15bif,-4.448502540588379,28.66803550720215
PS15bjg,60.13658142089844,26.12323760986328
PS15bwh,-4.805531024932861,47.123573303222656
PS15cfn,-13.282134056091309,39.3991584777832
PS15cku,-8.240229606628418,45.5460205078125
PS15cms,-1.8373961448669434,44.831336975097656
PS15cut,8.005492210388184,38.21396255493164
PS15cze,4.83275032043457,34.81554412841797
PS15mt,-5.204636573791504,49.524959564208984
PS17yt,3.0879688262939453,47.65593719482422
PSN J01534240+2956107,-2.0617337226867676,52.03977584838867
PSN J20435314+1230304,22.64482879638672,44.034339904785156
PSN J23102264+0735202,-5.5040483474731445,35.36262130737305
PTF10aagc,14.301080703735352,47.54722213745117
PTF10bfz,-39.622230529785156,-23.018007278442383
PTF10fqs,-56.87508010864258,0.5338727831840515
PTF11dec,2.4195055961608887,43.290924072265625
PTF11kmb,28.038978576660156,42.81714630126953
PTF12csy,-74.23971557617188,1.8896431922912598
PTF12gty,-63.66781234741211,-7.780763149261475
PTF12mxx,-40.729820251464844,-23.4356689453125
PTF13cjq,-38.57589340209961,-20.49738121032715
PTF13ehe,-78.31592559814453,-1.9916459321975708
SN2003fi,21.15976333618164,-18.832395553588867
SN2003fk,1.9460022449493408,-15.414010047912598
SN2003fn,-6.3148627281188965,-34.36707305908203
SN2003fp,-9.438705444335938,-28.665401458740234
SN2003ha,-23.262216567993164,3.1326420307159424
SN2004eo,5.38273286819458,47.148948669433594
SN2004ew,34.278724670410156,-50.329795837402344
SN2004ex,-24.26801300048828,7.103609085083008
SN2004ey,1.920372724533081,48.47303771972656
SN2004ff,-8.124753952026367,-14.665471076965332
SN2004gc,-4.959029197692871,41.486515045166016
SN2004gt,-2.5113110542297363,-16.869443893432617
SN2004gu,-7.965561866760254,44.15849685668945
SN2004gv,-2.643028736114502,2.941227674484253
SN2005A,13.082157135009766,-25.142580032348633
SN2005M,-5.199243545532227,45.00749206542969
SN2005Q,21.90367889404297,-25.89266586303711
SN2005W,56.590518951416016,26.824703216552734
SN2005ag,-7.019427299499512,44.61696243286133
SN2005be,28.182790756225586,-60.030094146728516
SN2005bj,8.158774375915527,-2.8854453563690186
SN2005el,9.753764152526855,51.19318771362305
SN2005eq,-9.474108695983887,43.409088134765625
SN2005iq,6.942251205444336,50.68981170654297
SN2005kc,10.157005310058594,43.830894470214844
SN2005ke,24.772117614746094,45.4028205871582
SN2005ki,9.263089179992676,50.74899673461914
SN2005mc,22.982709884643555,46.06565475463867
SN2006D,10.28059196472168,50.28230667114258
SN2006T,-7.638705730438232,-14.959261894226074
SN2006X,-6.64786958694458,-12.742242813110352
SN2006bt,-4.016775608062744,34.95986557006836
SN2006ej,-9.062898635864258,49.46345901489258
SN2006ep,-7.279544830322266,-15.477325439453125
SN2006et,0.3812674880027771,45.74208068847656
SN2006fo,-36.812923431396484,2.7660634517669678
SN2006fw,-0.5663657784461975,30.308027267456055
SN2006gj,21.54733657836914,46.64981460571289
SN2006gt,9.9048490524292,40.59791946411133
SN2006hx,10.090606689453125,48.16608810424805
SN2006is,29.566749572753906,-60.63033676147461
SN2006lc,28.577342987060547,5.3374433517456055
SN2006lu,25.856477737426758,-57.93525695800781
SN2006mr,26.588275909423828,46.88291549682617
SN2006ot,30.94993019104004,-58.61880111694336
SN2007N,27.180051803588867,46.81600570678711
SN2007Y,11.11511516571045,22.540828704833984
SN2007ai,-7.560713768005371,40.55036163330078
SN2007ax,26.3299560546875,46.40239334106445
SN2007ca,4.286932468414307,44.17583465576172
SN2007hx,0.1962837427854538,38.34722137451172
SN2007if,29.6134033203125,-58.05006790161133
SN2007jg,3.866313934326172,49.681243896484375
SN2007jh,21.52910041809082,45.52108383178711
SN2007le,1.8578907251358032,44.344764709472656
SN2007mm,25.75684356689453,41.976253509521484
SN2007nq,5.678249359130859,49.14188766479492
SN2007on,11.053983688354492,49.32029342651367
SN2008C,14.607043266296387,52.3582763671875
SN2008aq,-23.745864868164062,8.206551551818848
SN2008bc,1.076797604560852,46.565513610839844
SN2008fp,3.1430931091308594,36.266845703125
SN2008gc,-35.01633834838867,-24.749574661254883
SN2008gp,2.446939706802368,49.38451385498047
SN2008hv,8.71933650970459,51.28094482421875
SN2009K,41.843360900878906,-11.566437721252441
SN2009Z,-22.410715103149414,7.4185028076171875
SN2009cb,26.978557586669922,-48.70811462402344
SN2009dc,-14.488935470581055,42.85002136230469
SN2009dt,-3.7868571281433105,-19.00483512878418
SN2009kz,14.870929718017578,-18.10025978088379
SN2010bb,-17.647550582885742,30.785043716430664
SN2010bc,-20.734785079956055,9.462944984436035
SN2010fb,-34.932559967041016,-8.801816940307617
SN2010fc,-35.51555633544922,1.4354177713394165
SN2010fe,10.531781196594238,-13.542181968688965
SN2010fh,34.798057556152344,-6.604088306427002
SN2010fm,-23.109485626220703,2.3861305713653564
SN2010fo,-25.859630584716797,16.525938034057617
SN2010fq,-36.88408279418945,-18.083648681640625
SN2010fs,22.191753387451172,15.743982315063477
SN2011jq,23.64849281311035,44.69511413574219
SN2012aw,-72.7857437133789,-2.515277624130249
SN2013ab,-54.60822296142578,12.546100616455078
SN2013am,-67.248291015625,8.309246063232422
SN2013cs,59.92845916748047,27.145084381103516
SN2013cv,6.574120044708252,52.33665084838867
SN2013ej,-11.07059383392334,53.57619094848633
SN2014cy,-59.99873352050781,11.192935943603516
SN2014dw,-65.56971740722656,-16.785078048706055
SN2015M,9.336586952209473,53.3205680847168
SN2016H,-5.749252796173096,53.42964553833008
SN2016J,-3.9674417972564697,53.45051956176758
SN2016K,8.797438621520996,48.92166519165039
SN2016W,8.92766284942627,46.7549934387207
SN2016aew,11.856223106384277,51.15849304199219
SN2016afk,-2.6471340656280518,45.01089859008789
SN2016ai,-3.519284963607788,37.716678619384766
SN2016ajl,8.076888084411621,48.443145751953125
SN2016alt,-38.43820571899414,-19.813655853271484
SN2016aqt,3.142479181289673,11.778971672058105
SN2016arc,22.386329650878906,41.664276123046875
SN2016axw,-4.871350288391113,48.93563461303711
SN2016ayg,-2.113887071609497,54.41500473022461
SN2016baq,13.350193977355957,51.60898208618164
SN2016bew,-3.007053852081299,39.71026611328125
SN2016bkw,-5.278702735900879,47.20403289794922
SN2016blh,19.10236358642578,44.1275749206543
SN2016blj,-8.544343948364258,43.82224655151367
SN2016bln,-10.841161727905273,53.43705749511719
SN2016bmc,34.651607513427734,-52.91545486450195
SN2016bmh,-2.591197967529297,51.43642807006836
SN2016ccj,-14.107389450073242,42.65177536010742
SN2016cck,18.136594772338867,44.586341857910156
SN2016cob,-7.927622318267822,48.36048889160156
SN2016cuv,28.59547996520996,-58.22831726074219
SN2016cvv,3.055742025375366,45.85647201538086
SN2016cvw,14.106327056884766,51.7129020690918
SN2016drl,41.4171028137207,9.853854179382324
SN2016enx,-4.2250142097473145,37.03620529174805
SN2016eqb,12.032400131225586,52.30582046508789
SN2016esh,3.8593027591705322,8.846023559570312
SN2016fbo,30.92582130432129,-62.014793395996094
SN2016fff,22.819744110107422,-55.30302810668945
SN2016ffh,4.401081562042236,10.717412948608398
SN2016gfr,-2.8146092891693115,50.671051025390625
SN2016glp,0.8659956455230713,35.98685836791992
SN2016gmg,8.683634757995605,45.97681427001953
SN2016gou,-5.104584217071533,53.35826873779297
SN2016gsn,-1.8686137199401855,47.22197723388672
SN2016gsu,3.8525524139404297,9.687850952148438
SN2016hgw,20.599679946899414,43.078643798828125
SN2016hns,2.0229485034942627,51.839141845703125
SN2016hot,-34.976531982421875,-35.873966217041016
SN2016hpw,-1.2606416940689087,51.369598388671875
SN2016hvl,-7.484880447387695,35.59929275512695
SN2016ick,1.515542984008789,50.48744583129883
SN2016ija,-8.78042221069336,-43.77389907836914
SN2016ixf,30.2243595123291,-61.2944221496582
SN2016jem,25.469242095947266,-60.44793701171875
SN2016ys,-9.188155174255371,42.37995147705078
SN2017awz,-3.5974485874176025,46.618743896484375
SN2017azk,2.527524709701538,41.112884521484375
SN2017cfb,-5.273367881774902,50.4046516418457
SN2017cgr,26.486495971679688,-58.275428771972656
SN2017cii,23.91355323791504,-58.247833251953125
SN2017cjv,12.959254264831543,50.57390594482422
SN2017cpu,2.5351309776306152,54.72906494140625
SN2017hn,-7.7048726081848145,-5.58005428314209
SN2017jl,-1.2756938934326172,48.80433654785156
SN2017lc,24.533226013183594,-59.36601257324219
SN2017lv,27.18267250061035,-59.427146911621094
SN2017me,4.868842601776123,11.234417915344238
SN2017mf,35.39268493652344,-52.52360534667969
SN2017ns,11.178872108459473,43.31501007080078
SN2017nw,23.92287826538086,-56.63979721069336
SN2017oz,3.2296199798583984,51.06560134887695
SN2017ya,26.0576171875,-60.597076416015625
SN2017yh,-2.2249395847320557,55.15846633911133
SN2017yk,-1.2270482778549194,28.61664390563965
SNLS-03D1ar,-1.540177345275879,-35.3740348815918
SNLS-03D1au,-11.900425910949707,-27.269235610961914
SNLS-03D1aw,-7.494143009185791,-34.30052947998047
SNLS-03D1cm,-7.231594085693359,-42.39291763305664
SNLS-03D1co,-7.213495254516602,-36.31724548339844
SNLS-03D3ce,-62.277313232421875,-0.7666071057319641
SNLS-03D4dh,-6.8279218673706055,-31.746294021606445
SNLS-03D4dy,-7.782886028289795,-29.204118728637695
SNLS-03D4gf,-4.684362888336182,-31.354066848754883
SNLS-03D4gg,59.47999572753906,-14.635713577270508
SNLS-04D1dc,-18.795305252075195,-0.1882667988538742
SNLS-04D1hx,-6.649730682373047,-32.89030456542969
SNLS-04D1hy,-3.515759229660034,-41.933963775634766
SNLS-04D1jg,-6.661596775054932,-28.614381790161133
SNLS-04D1kj,-6.815652847290039,-30.674331665039062
SNLS-04D1ks,-2.7640933990478516,-42.66477584838867
SNLS-04D1ln,-58.04424285888672,3.020754337310791
SNLS-04D1oh,-4.585914134979248,-32.3193473815918
SNLS-04D1pg,-10.490012168884277,-27.588037490844727
SNLS-04D1sk,1.7883870601654053,-42.96662139892578
SNLS-04D2ac,-16.0233154296875,-21.89591407775879
SNLS-04D2cf,36.965328216552734,-41.70699691772461
SNLS-04D2gb,6.837911128997803,-24.68343162536621
SNLS-04D2mc,-4.272384166717529,-24.737810134887695
SNLS-04D2mh,-8.130667686462402,-35.36146545410156
SNLS-04D2mj,-10.259058952331543,-33.12310028076172
SNLS-04D3bf,34.792362213134766,-49.89564895629883
SNLS-04D3cp,-4.283722400665283,-40.54507827758789
SNLS-04D3cy,-4.8844709396362305,-33.55229568481445
SNLS-04D3do,-1.924752950668335,-33.56783676147461
SNLS-04D3ez,-8.045503616333008,-18.72698211669922
SNLS-04D3fk,-6.17142391204834,-24.170236587524414
SNLS-04D3fq,-3.3417410850524902,-40.70537567138672
SNLS-04D3gt,-3.964536190032959,-34.14224624633789
SNLS-04D3hn,-2.5366568565368652,-34.25335693359375
SNLS-04D4bq,-8.69894790649414,-32.78497314453125
SNLS-04D4fu,-60.26353454589844,8.247783660888672
SNLS-04D4gg,-8.53520393371582,-25.10065460205078
SNLS-04D4gz,-4.904939651489258,-26.66950035095215
SNLS-04D4ht,-4.250762462615967,-27.160316467285156
SNLS-04D4hu,-3.540067672729492,-37.06708908081055
SNLS-04D4ib,-3.3596267700195312,-30.259790420532227
SNLS-04D4im,-6.991635799407959,-39.06714630126953
SNLS-04D4jr,-0.0384717732667923,-19.85302734375
SNLS-05D1by,-7.40762996673584,-40.526512145996094
SNLS-05D1dn,-9.449945449829102,-31.768091201782227
SNLS-05D1dx,-7.716461181640625,-31.85512351989746
SNLS-05D1ee,-3.1445016860961914,-33.09002685546875
SNLS-05D1hm,-8.480828285217285,-36.728111267089844
SNLS-05D1if,-3.0679683685302734,-38.83837890625
SNLS-05D1ix,-2.168437957763672,-20.40679359436035
SNLS-05D1kl,59.53697204589844,-14.653524398803711
SNLS-05D2ab,-14.055983543395996,-20.49713706970215
SNLS-05D2ac,-11.92651653289795,-27.95320701599121
SNLS-05D2ah,-22.209762573242188,4.163084983825684
SNLS-05D2bk,-40.27436828613281,13.268375396728516
SNLS-05D2bt,-8.106884002685547,-30.774635314941406
SNLS-05D2bv,-9.513703346252441,-23.299732208251953
SNLS-05D2cb,-5.51200008392334,-30.06150245666504
SNLS-05D2dw,-1.8610482215881348,-17.45195198059082
SNLS-05D2eb,-13.478432655334473,-27.14044952392578
SNLS-05D2mp,-10.567830085754395,-18.593040466308594
SNLS-05D3cf,-12.72804069519043,-25.081785202026367
SNLS-05D3ci,-9.931260108947754,-33.980342864990234
SNLS-05D3dd,-8.332298278808594,-27.137584686279297
SNLS-05D3gv,-1.7856776714324951,-40.02260208129883
SNLS-05D3gy,-9.580276489257812,-39.05393981933594
SNLS-05D3hq,-8.900702476501465,-19.286279678344727
SNLS-05D3hs,-9.594012260437012,-30.609561920166016
SNLS-05D3ht,-4.382600784301758,-41.78614807128906
SNLS-05D3jb,-5.675666809082031,-38.37159729003906
SNLS-05D3jh,-2.6478018760681152,-37.63715744018555
SNLS-05D3jk,-9.59419059753418,-36.042213439941406
SNLS-05D3jq,-12.019186019897461,-30.094818115234375
SNLS-05D3jr,-6.807277202606201,-24.899639129638672
SNLS-05D3kt,-5.033044815063477,-36.138587951660156
SNLS-05D3lb,-4.907973766326904,-35.20336151123047
SNLS-05D3lr,-4.6406636238098145,-37.23276901245117
SNLS-05D3mn,0.6538515090942383,-43.14760208129883
SNLS-05D4av,-9.080391883850098,-33.77030944824219
SNLS-05D4ay,-0.7186586260795593,-36.788246154785156
SNLS-05D4be,-8.652908325195312,-22.95414924621582
SNLS-05D4bf,-5.498799800872803,-32.60747528076172
SNLS-05D4bi,0.9862027168273926,-41.25409698486328
SNLS-05D4bm,-7.729420185089111,-21.39048194885254
SNLS-05D4cn,-6.391984462738037,-39.79768753051758
SNLS-05D4cq,-4.165035247802734,-39.57326889038086
SNLS-05D4cw,-7.872612476348877,-19.134355545043945
SNLS-05D4dt,-5.2120680809021,-23.39052391052246
SNLS-05D4ef,-1.079472303390503,-33.822486877441406
SNLS-05D4ej,-4.883729457855225,-29.618873596191406
SNLS-05D4ek,-6.024539947509766,-31.87522315979004
SNLS-05D4fe,-6.007279396057129,-41.92843246459961
SNLS-05D4ff,-6.218363285064697,-25.9139461517334
SNLS-05D4fg,-2.625873565673828,-41.609169006347656
SNLS-05D4hn,-0.6689860820770264,-43.654136657714844
SNLS-06D2ag,-11.113751411437988,-18.241573333740234
SNLS-06D2ca,-12.944089889526367,-31.74593162536621
SNLS-06D2ck,-12.605889320373535,-31.65943717956543
SNLS-06D2ga,-0.6908993721008301,-43.21230697631836
SNLS-06D2gb,70.79568481445312,6.584654331207275
SNLS-06D3bz,1.1057111024856567,-42.085487365722656
SNLS-06D3cc,1.7188940048217773,-42.059425354003906
SNLS-06D3cn,-16.081945419311523,-21.778491973876953
SNLS-06D3df,-15.52738094329834,-26.536155700683594
SNLS-06D3dl,-8.700986862182617,-40.255271911621094
SNLS-06D3do,35.45294189453125,-48.499916076660156
SNLS-06D3dt,-14.079216957092285,-20.848329544067383
SNLS-06D3ed,-6.764857769012451,-23.0413875579834
SNLS-06D3el,-8.30865478515625,-20.8743839263916
SNLS-06D3em,-1.6699827909469604,-40.8510627746582
SNLS-06D3et,-0.5209702253341675,-32.35768127441406
SNLS-06D3fp,-0.9964247345924377,-11.934515953063965
SNLS-06D3gn,55.56184387207031,-9.300421714782715
SNLS-06D3gx,-8.281861305236816,-43.132843017578125
SNLS-06D4bo,-12.214544296264648,-28.524415969848633
SNLS-06D4co,-6.973623752593994,-21.818923950195312
SNLS-06D4cq,-8.719226837158203,-23.612621307373047
SNLS-06D4dh,-20.689613342285156,0.1740759313106537
SNLS-06D4eu,-48.776397705078125,-3.0183374881744385
SNLS-07D2bv,-57.93406677246094,2.3942530155181885
iPTF13ajg,-64.3728256225586,-15.97726058959961
iPTF13ehe,-74.16781616210938,-5.163010597229004
iPTF15esb,-67.18107604980469,-16.0365047454834
iPTF16bad,22.5244140625,-56.111358642578125
iPTF17fs,24.824949264526367,-56.61080551147461
